SeqNumber,Device_ID,Year,Month,Day,Hour,Minute,Avg_WindSpeed(m/s),Avg_Pressure(hpa),Avg_Temperature(°C),Avg_Humidity(%),Avg_Sunlight(Lux),Avg_Power(mW),Min_WindSpeed(m/s),Min_Pressure(hpa),Min_Temperature(°C),Min_Humidity(%),Min_Sunlight(Lux),Min_Power(mW),Max_WindSpeed(m/s),Max_Pressure(hpa),Max_Temperature(°C),Max_Humidity(%),Max_Sunlight(Lux),Max_Power(mW)
20240923142002,2,2024,9,23,14,20,0.0,1005.94,34.26,67.8,8402.68,22.96,0,1005.9,33.84,65.76,7235.0,17.14,0,1005.96,34.58,69.93,9669.58,29.55
20240923143002,2,2024,9,23,14,30,0.0,1005.96,33.58,71.76,7436.83,18.04,0,1005.93,33.42,69.99,6918.33,15.44,0,1005.99,33.77,73.05,8367.5,23.13
20240923144002,2,2024,9,23,14,40,0.0,1005.98,33.49,74.0,10004.25,32.41,0,1005.92,33.4,73.04,8366.67,22.66,0,1006.03,33.67,74.69,11372.5,41.47
20240923145002,2,2024,9,23,14,50,0.0,1005.92,33.1,76.19,8417.08,23.69,0,1005.89,32.67,73.71,7150.0,16.45,0,1005.95,33.45,79.42,10151.67,33.82
20240923150002,2,2024,9,23,15,00,0.0,1006.0,32.82,79.17,7210.0,14.83,0,1005.95,32.67,78.51,6550.0,4.65,0,1006.03,32.98,79.86,7933.33,19.01
20240923151002,2,2024,9,23,15,10,0.0,1006.06,32.96,79.41,6520.83,12.81,0,1006.04,32.87,78.58,6000.83,11.02,0,1006.09,33.06,80.58,7103.33,14.74
20240923152002,2,2024,9,23,15,20,0.0,1006.07,32.58,82.85,6032.17,10.74,0,1006.01,32.08,80.82,4491.67,5.95,0,1006.14,32.87,86.23,6995.0,14.03
20240923153002,2,2024,9,23,15,30,0.0,1006.22,31.75,88.71,3167.42,3.03,0,1006.15,31.34,86.36,2549.17,1.89,0,1006.29,32.01,95.99,4130.0,5.0
20240923154002,2,2024,9,23,15,40,0.0,1006.35,30.32,99.5,2420.16,1.74,0,1006.3,29.06,96.13,2277.5,1.56,0,1006.39,31.26,100.0,2570.83,1.89
20240923155002,2,2024,9,23,15,50,0.0,1006.45,28.13,100.0,2262.0,1.56,0,1006.37,27.77,100.0,2160.0,1.37,0,1006.51,28.82,100.0,2420.83,1.76
20240923160002,2,2024,9,23,16,00,0.0,1006.5,27.65,100.0,2338.83,1.74,0,1006.47,27.51,100.0,2285.83,1.6,0,1006.55,27.83,100.0,2393.33,1.81
20240923161002,2,2024,9,23,16,10,0.0,1006.57,27.41,100.0,2080.67,1.36,0,1006.54,27.3,100.0,1915.83,1.11,0,1006.6,27.57,100.0,2279.17,1.72
20240923162002,2,2024,9,23,16,20,0.0,1006.65,27.61,100.0,1419.17,0.64,0,1006.62,27.35,100.0,1207.5,0.49,0,1006.68,27.82,100.0,1773.33,0.92
20240923163002,2,2024,9,23,16,30,0.0,1006.67,27.74,100.0,1028.25,0.35,0,1006.59,27.67,100.0,812.5,0.28,0,1006.72,27.85,100.0,1216.67,0.48
20240923164002,2,2024,9,23,16,40,0.0,1006.8,27.63,100.0,689.0,0.18,0,1006.74,27.59,100.0,646.67,0.14,0,1006.86,27.67,100.0,770.83,0.22
20240923165002,2,2024,9,23,16,50,0.0,1006.85,27.66,100.0,708.5,0.19,0,1006.83,27.61,100.0,631.67,0.14,0,1006.86,27.7,100.0,760.83,0.22
20240923170002,2,2024,9,23,17,00,0.0,1006.88,27.45,100.0,601.67,0.16,0,1006.84,27.26,100.0,440.0,0.08,0,1006.91,27.61,100.0,735.0,0.21
20240923171002,2,2024,9,23,17,10,0.0,1006.94,27.38,100.0,351.42,0.06,0,1006.89,27.22,100.0,284.17,0.05,0,1006.98,27.49,100.0,405.83,0.1
20240923172002,2,2024,9,23,17,20,0.0,1006.95,27.31,100.0,173.0,0.02,0,1006.93,27.26,100.0,148.33,0.02,0,1006.97,27.35,100.0,245.83,0.03
20240923173002,2,2024,9,23,17,30,0.0,1006.95,27.2,100.0,126.92,0.01,0,1006.91,27.16,100.0,78.33,0.0,0,1007.0,27.28,100.0,150.83,0.02
20240923174002,2,2024,9,23,17,40,0.0,1007.03,27.2,100.0,45.33,0.0,0,1006.99,27.06,100.0,25.0,0.0,0,1007.08,27.31,100.0,69.17,0.0
20240923175002,2,2024,9,23,17,50,0.0,1007.09,27.05,100.0,20.83,0.0,0,1007.09,27.05,100.0,20.83,0.0,0,1007.09,27.05,100.0,20.83,0.0
20240924053002,2,2024,9,24,5,30,0.0,1007.03,25.67,100.0,57.92,0.0,0,1006.99,25.65,100.0,23.33,0.0,0,1007.07,25.69,100.0,110.0,0.01
20240924054002,2,2024,9,24,5,40,0.0,1007.08,25.68,100.0,278.75,0.06,0,1007.05,25.66,100.0,129.17,0.02,0,1007.11,25.69,100.0,486.67,0.13
20240924055002,2,2024,9,24,5,50,0.0,1007.21,25.71,100.0,749.92,0.27,0,1007.17,25.66,100.0,525.83,0.18,0,1007.24,25.76,100.0,952.5,0.32
20240924060002,2,2024,9,24,6,00,0.0,1007.25,25.77,100.0,1540.58,0.95,0,1007.2,25.68,100.0,1006.67,0.41,0,1007.28,25.84,100.0,2250.83,2.04
20240924061002,2,2024,9,24,6,10,0.0,1007.33,25.91,100.0,3873.33,8.73,0,1007.28,25.8,100.0,2582.5,3.06,0,1007.38,26.1,100.0,5134.17,14.79
20240924062002,2,2024,9,24,6,20,0.0,1007.38,26.27,100.0,5722.08,15.97,0,1007.36,26.08,100.0,5339.17,13.44,0,1007.4,26.58,100.0,6134.17,18.53
20240924063002,2,2024,9,24,6,30,0.0,1007.4,26.88,100.0,7437.25,26.2,0,1007.37,26.63,100.0,5436.67,11.08,0,1007.44,27.2,100.0,8205.83,33.01
20240924064002,2,2024,9,24,6,40,0.0,1007.41,27.36,100.0,7907.08,26.84,0,1007.38,27.28,100.0,6392.5,15.33,0,1007.46,27.39,100.0,10844.17,54.26
20240924065002,2,2024,9,24,6,50,0.0,1007.51,27.48,100.0,11113.92,56.11,0,1007.45,27.43,100.0,9118.33,33.75,0,1007.59,27.55,100.0,14545.83,102.33
20240924070002,2,2024,9,24,7,00,0.0,1007.67,27.72,100.0,16834.58,138.22,0,1007.6,27.56,100.0,15044.17,100.52,0,1007.75,28.0,100.0,18144.17,163.31
20240924071002,2,2024,9,24,7,10,0.0,1007.81,28.29,100.0,18458.17,162.32,0,1007.77,28.1,100.0,14832.5,93.49,0,1007.88,28.52,100.0,21032.5,214.48
20240924072002,2,2024,9,24,7,20,0.0,1007.9,28.65,100.0,13079.75,79.14,0,1007.85,28.45,100.0,8233.33,21.58,0,1007.95,28.75,100.0,20437.5,201.23
20240924073002,2,2024,9,24,7,30,0.0,1007.98,28.14,100.0,8162.92,21.21,0,1007.94,28.01,100.0,7432.5,17.05,0,1008.03,28.37,100.0,10076.67,34.05
20240924074002,2,2024,9,24,7,40,0.0,1008.0,28.3,100.0,19546.66,162.02,0,1007.99,27.98,100.0,11025.83,40.4,0,1008.02,28.78,100.0,24460.83,263.91
20240924075002,2,2024,9,24,7,50,0.0,1008.0,29.02,100.0,19612.83,136.15,0,1007.98,28.88,100.0,17655.83,106.2,0,1008.02,29.21,100.0,25967.5,245.09
20240924080002,2,2024,9,24,8,00,0.0,1008.06,29.5,100.0,28107.58,280.99,0,1008.02,29.24,100.0,24340.0,192.64,0,1008.11,29.77,100.0,31052.5,358.55
20240924081002,2,2024,9,24,8,10,0.0,1008.07,29.91,100.0,26538.5,234.48,0,1008.03,29.82,100.0,22278.33,158.65,0,1008.1,30.02,100.0,29663.33,291.92
20240924082002,2,2024,9,24,8,20,0.0,1008.11,30.72,100.0,36957.61,499.54,0,1008.08,30.19,100.0,26950.0,235.79,0,1008.12,31.32,100.0,49300.0,891.32
20240924083002,2,2024,9,24,8,30,0.0,1008.07,32.26,100.0,34254.57,416.4,0,1008.03,31.41,100.0,24305.83,179.01,0,1008.12,32.68,100.0,46400.7,781.7
20240924084002,2,2024,9,24,8,40,0.0,1007.92,33.05,100.0,35083.16,435.39,0,1007.84,32.69,100.0,28477.5,261.45,0,1008.03,33.38,100.0,43490.0,715.82
20240924085002,2,2024,9,24,8,50,0.0,1007.77,33.52,100.0,32808.08,474.99,0,1007.7,33.34,100.0,15991.67,68.71,0,1007.82,33.76,100.0,52168.67,1070.52
20240924090002,2,2024,9,24,9,00,0.0,1007.65,34.7,100.0,45589.54,857.87,0,1007.6,33.91,100.0,25145.0,183.47,0,1007.71,35.54,100.0,52422.03,1088.57
20240924091002,2,2024,9,24,9,10,0.0,1007.59,35.32,100.0,44520.91,749.15,0,1007.56,35.05,100.0,18754.17,91.96,0,1007.63,35.75,100.0,59561.01,1204.63
20240924092002,2,2024,9,24,9,20,0.0,1007.56,35.37,100.0,32296.07,465.7,0,1007.54,34.14,100.0,15349.17,60.83,0,1007.59,36.19,100.0,62612.11,1266.48
20240924093002,2,2024,9,24,9,30,0.0,1007.54,35.08,100.0,34377.75,377.41,0,1007.49,34.19,100.0,18853.33,95.75,0,1007.58,36.02,100.0,76049.14,1483.33
20240924094002,2,2024,9,24,9,40,0.0,1007.53,36.79,100.0,65555.37,933.63,0,1007.48,36.2,100.0,29328.33,217.42,0,1007.55,37.3,100.0,84684.92,1340.58
20240924095002,2,2024,9,24,9,50,0.0,1007.56,37.96,100.0,82083.94,1237.53,0,1007.51,37.5,100.0,49757.26,459.04,0,1007.58,38.76,100.0,89013.59,1393.31
20240924100002,2,2024,9,24,10,00,0.0,1007.55,38.67,91.67,63971.18,1045.75,0,1007.52,38.31,80.52,36336.41,307.63,0,1007.6,39.37,99.93,84737.03,1472.54
20240924101002,2,2024,9,24,10,10,0.0,1007.44,40.84,67.31,75303.44,1391.53,0,1007.37,39.62,50.43,72178.67,1367.34,0,1007.52,41.53,83.28,77790.31,1433.65
20240924102002,2,2024,9,24,10,20,0.0,1007.38,42.34,46.42,81256.84,1447.76,0,1007.34,41.47,41.36,75605.31,1425.62,0,1007.42,43.14,49.66,89998.28,1491.74
20240924103002,2,2024,9,24,10,30,0.0,1007.3,43.63,41.28,90723.86,1425.47,0,1007.25,42.83,38.34,57963.59,738.1,0,1007.36,44.14,44.29,101778.59,1595.8
20240924104002,2,2024,9,24,10,40,0.0,1007.2,43.6,38.54,98615.01,1508.36,0,1007.13,42.76,36.89,83896.09,1307.35,0,1007.28,44.36,40.11,104146.87,1558.4
20240924105002,2,2024,9,24,10,50,0.0,1007.09,44.72,36.52,85715.43,1287.8,0,1007.05,44.19,35.32,50794.06,547.0,0,1007.13,45.07,38.04,100973.59,1574.71
20240924110002,2,2024,9,24,11,00,0.0,1007.0,43.48,37.68,82543.77,1516.28,0,1006.91,42.93,35.96,76440.86,1429.82,0,1007.08,43.94,38.82,90138.44,1546.63
20240924111002,2,2024,9,24,11,10,0.0,1006.88,44.07,36.74,52647.65,851.47,0,1006.84,43.25,35.4,30089.17,251.84,0,1006.92,44.63,37.91,78509.06,1529.35
20240924112002,2,2024,9,24,11,20,0.0,1006.73,42.45,38.94,61810.25,1204.28,0,1006.68,41.78,37.41,31839.17,271.78,0,1006.82,43.41,40.26,78270.08,1660.85
20240924113002,2,2024,9,24,11,30,0.0,1006.58,43.82,36.04,54133.69,835.21,0,1006.53,42.42,34.4,33925.0,325.42,0,1006.62,44.86,37.9,86111.64,1599.43
20240924114002,2,2024,9,24,11,40,0.0,1006.51,43.44,37.52,76630.43,1370.15,0,1006.45,42.04,36.18,45097.97,524.78,0,1006.57,44.28,39.26,93268.59,1737.8
20240924115002,2,2024,9,24,11,50,0.0,1006.4,43.34,38.18,78417.6,1399.56,0,1006.36,42.79,37.09,58423.59,872.24,0,1006.47,43.73,39.24,85908.59,1574.71
20240924120002,2,2024,9,24,12,00,0.0,1006.33,42.22,40.67,64406.87,1130.01,0,1006.28,41.21,38.16,35182.81,324.18,0,1006.4,43.26,42.64,85861.87,1612.63
20240924121002,2,2024,9,24,12,10,0.0,1006.17,42.95,38.74,61660.82,1043.92,0,1006.05,42.39,37.34,32031.09,296.15,0,1006.22,43.66,40.31,85448.59,1611.82
20240924122002,2,2024,9,24,12,20,0.0,1005.97,41.3,43.06,34999.76,406.99,0,1005.89,39.16,40.75,29403.33,257.58,0,1006.06,42.21,48.63,54612.5,1267.27
20240924123002,2,2024,9,24,12,30,0.0,1005.84,37.69,54.53,26543.83,222.71,0,1005.74,37.3,50.6,25467.5,203.5,0,1005.95,38.38,56.33,31052.5,301.0
20240924124002,2,2024,9,24,12,40,0.0,1005.67,37.99,54.13,30768.99,343.77,0,1005.58,37.71,51.79,23232.5,168.73,0,1005.75,38.75,55.27,70309.92,1508.42
20240924125002,2,2024,9,24,12,50,0.0,1005.46,39.38,49.35,34874.41,421.7,0,1005.39,38.64,47.82,23806.67,154.88,0,1005.51,39.97,51.94,72299.06,1549.02
20240924130002,2,2024,9,24,13,00,0.0,1005.29,41.06,45.19,57290.42,1097.84,0,1005.24,39.11,41.15,29989.17,268.29,0,1005.35,42.53,51.08,78246.72,1714.55
20240924131002,2,2024,9,24,13,10,0.0,1005.22,38.97,49.76,29609.28,297.46,0,1005.18,38.5,48.78,25626.67,209.25,0,1005.27,39.3,51.73,47867.5,816.54
20240924132002,2,2024,9,24,13,20,0.0,1005.12,39.52,49.46,21063.75,153.15,0,1005.06,38.91,48.18,17515.83,102.0,0,1005.17,39.91,51.75,28665.0,286.6
20240924133002,2,2024,9,24,13,30,0.0,1004.97,38.74,52.44,22572.0,163.83,0,1004.9,38.4,51.61,20923.33,134.69,0,1005.04,39.07,53.23,23705.0,187.13
20240924134002,2,2024,9,24,13,40,0.0,1004.92,38.0,56.05,21501.34,146.24,0,1004.85,36.97,52.54,17974.17,97.8,0,1004.98,38.85,60.34,26826.67,233.65
20240924135002,2,2024,9,24,13,50,0.0,1004.79,36.89,60.95,15753.17,78.95,0,1004.74,36.19,60.08,13943.33,63.14,0,1004.86,37.18,63.09,18359.17,104.96
20240924140002,2,2024,9,24,14,00,0.0,1004.69,35.61,67.54,12487.42,50.96,0,1004.64,35.26,64.5,11820.0,45.15,0,1004.75,35.88,69.63,13353.33,58.21
20240924141002,2,2024,9,24,14,10,0.0,1004.57,35.6,68.15,13154.42,56.94,0,1004.47,35.38,67.32,12043.33,47.68,0,1004.65,35.82,68.78,15206.67,74.3
20240924142002,2,2024,9,24,14,20,0.0,1004.51,36.13,65.77,11838.33,46.19,0,1004.44,35.78,64.46,9801.67,31.69,0,1004.58,36.3,68.02,15325.0,75.43
20240924143002,2,2024,9,24,14,30,0.0,1004.62,35.68,67.21,7667.08,19.68,0,1004.58,35.11,64.34,6922.5,15.73,0,1004.68,36.14,70.35,9525.0,29.66
20240924144002,2,2024,9,24,14,40,0.0,1004.68,34.59,72.76,8730.0,25.04,0,1004.64,34.42,71.91,7345.83,17.94,0,1004.71,34.86,73.81,9765.0,31.35
20240924145002,2,2024,9,24,14,50,0.0,1004.72,33.97,76.19,8611.0,23.74,0,1004.68,33.72,73.86,8052.5,20.61,0,1004.75,34.29,77.19,9375.83,28.36
20240924150002,2,2024,9,24,15,00,0.0,1004.77,33.8,77.93,8066.25,20.48,0,1004.7,33.67,77.24,6005.0,11.15,0,1004.82,33.94,78.44,9451.67,28.08
20240924151002,2,2024,9,24,15,10,0.0,1004.82,33.53,79.9,6223.92,11.96,0,1004.77,33.38,78.29,5909.17,10.99,0,1004.87,33.75,80.77,6633.33,13.29
20240924152002,2,2024,9,24,15,20,0.0,1004.85,33.6,81.07,8199.92,21.44,0,1004.83,33.45,80.38,6563.33,13.22,0,1004.86,33.81,81.6,10229.17,32.67
20240924153002,2,2024,9,24,15,30,0.0,1004.89,33.65,81.11,5116.08,8.82,0,1004.84,33.55,79.87,4565.0,6.91,0,1004.94,33.78,81.97,5935.0,11.83
20240924154002,2,2024,9,24,15,40,0.0,1004.9,33.5,82.84,4896.84,7.81,0,1004.87,33.35,81.18,4584.17,6.89,0,1004.94,33.72,84.25,5181.67,8.56
20240924155002,2,2024,9,24,15,50,0.0,1004.8,32.9,87.02,4806.25,7.58,0,1004.77,32.25,84.53,3924.17,5.36,0,1004.84,33.29,89.23,5707.5,9.98
20240924160002,2,2024,9,24,16,00,0.0,1004.71,31.92,90.64,2537.42,2.37,0,1004.68,31.71,89.77,1794.17,1.14,0,1004.75,32.13,91.74,3638.33,4.66
20240924161002,2,2024,9,24,16,10,0.0,1004.79,31.72,91.59,1939.83,1.32,0,1004.76,31.61,91.08,1612.5,0.89,0,1004.82,31.81,91.91,2248.33,1.78
20240924162002,2,2024,9,24,16,20,0.0,1004.86,31.72,91.53,1176.33,0.54,0,1004.83,31.65,91.15,793.33,0.26,0,1004.9,31.78,91.8,1800.0,1.14
20240924163002,2,2024,9,24,16,30,0.0,1005.0,31.6,92.43,724.83,0.2,0,1004.94,31.49,91.35,645.83,0.14,0,1005.05,31.72,93.25,897.5,0.29
20240924164002,2,2024,9,24,16,40,0.0,1005.02,31.43,94.07,981.67,0.36,0,1004.96,31.28,93.43,695.83,0.19,0,1005.06,31.48,94.63,1125.0,0.48
20240924165002,2,2024,9,24,16,50,0.0,1005.06,31.08,96.25,366.0,0.05,0,1004.95,30.91,95.24,300.83,0.02,0,1005.16,31.22,96.82,565.83,0.12
20240924170002,2,2024,9,24,17,00,0.0,1005.15,30.76,97.1,279.08,0.02,0,1005.11,30.69,96.75,266.67,0.02,0,1005.18,30.86,97.35,294.17,0.03
20240924171002,2,2024,9,24,17,10,0.0,1005.09,30.72,96.69,338.25,0.04,0,1005.05,30.6,96.41,299.17,0.02,0,1005.16,30.77,96.99,381.67,0.05
20240924172002,2,2024,9,24,17,20,0.0,1005.08,30.69,96.94,377.66,0.05,0,1005.03,30.59,96.67,315.0,0.03,0,1005.13,30.77,97.11,408.33,0.06
20240924173002,2,2024,9,24,17,30,0.0,1005.25,30.81,97.21,186.58,0.02,0,1005.13,30.77,96.74,144.17,0.01,0,1005.32,30.85,97.81,285.83,0.03
20240924174002,2,2024,9,24,17,40,0.0,1005.3,30.8,97.88,77.34,0.0,0,1005.23,30.75,97.55,31.67,0.0,0,1005.39,30.84,98.4,134.17,0.01
20240924175002,2,2024,9,24,17,50,0.0,1005.43,30.78,98.52,23.75,0.0,0,1005.42,30.77,98.46,21.67,0.0,0,1005.44,30.78,98.58,25.83,0.0
20240925053002,2,2024,9,25,5,30,0.0,1005.95,26.82,100.0,49.79,0.0,0,1005.92,26.81,100.0,20.0,0.0,0,1005.97,26.84,100.0,90.83,0.01
20240925054002,2,2024,9,25,5,40,0.0,1005.92,26.85,100.0,198.33,0.02,0,1005.89,26.84,100.0,107.5,0.01,0,1005.96,26.87,100.0,305.83,0.03
20240925055002,2,2024,9,25,5,50,0.0,1005.95,26.91,100.0,585.33,0.14,0,1005.92,26.87,100.0,336.67,0.03,0,1005.98,26.95,100.0,946.67,0.33
20240925060002,2,2024,9,25,6,00,0.0,1006.02,27.07,100.0,1466.5,0.87,0,1005.97,26.97,100.0,1024.17,0.43,0,1006.05,27.18,100.0,1947.5,1.37
20240925061002,2,2024,9,25,6,10,0.0,1006.08,27.35,100.0,2670.08,2.7,0,1006.05,27.2,100.0,2059.17,1.6,0,1006.11,27.5,100.0,3314.17,3.88
20240925062002,2,2024,9,25,6,20,0.0,1006.1,27.7,100.0,4160.75,6.16,0,1006.07,27.52,100.0,3426.67,4.2,0,1006.11,27.91,100.0,4825.0,8.06
20240925063002,2,2024,9,25,6,30,0.0,1006.11,28.23,100.0,6990.83,20.86,0,1006.08,27.96,100.0,4995.0,8.62,0,1006.13,28.59,100.0,10242.5,48.24
20240925064002,2,2024,9,25,6,40,0.0,1006.15,29.18,100.0,9040.75,35.48,0,1006.13,28.71,100.0,7588.33,20.39,0,1006.2,29.52,100.0,11954.17,69.15
20240925065002,2,2024,9,25,6,50,0.0,1006.15,29.7,100.0,8105.75,21.67,0,1006.12,29.48,100.0,7846.67,20.7,0,1006.17,29.86,100.0,8485.0,23.38
20240925070002,2,2024,9,25,7,00,0.0,1006.25,29.96,100.0,8493.42,23.19,0,1006.15,29.9,100.0,8451.67,22.56,0,1006.32,30.0,100.0,8614.17,23.62
20240925071002,2,2024,9,25,7,10,0.0,1006.34,29.97,100.0,9558.92,29.33,0,1006.32,29.91,100.0,8735.0,24.3,0,1006.36,30.08,100.0,10490.0,35.23
20240925072002,2,2024,9,25,7,20,0.0,1006.4,30.43,100.0,12978.33,56.15,0,1006.33,30.13,100.0,10862.5,37.89,0,1006.47,30.8,100.0,16281.67,91.96
20240925073002,2,2024,9,25,7,30,0.0,1006.56,31.16,100.0,16104.5,93.2,0,1006.48,30.8,100.0,12683.33,52.12,0,1006.64,31.68,100.0,27440.83,274.21
20240925074002,2,2024,9,25,7,40,0.0,1006.65,31.91,98.56,13291.92,54.26,0,1006.62,31.79,96.78,13096.67,52.21,0,1006.68,31.99,100.0,13730.0,59.22
20240925075002,2,2024,9,25,7,50,0.0,1006.7,32.23,96.15,13825.5,58.0,0,1006.67,31.94,94.24,13358.33,53.96,0,1006.74,32.52,97.73,14452.5,62.82
20240925080002,2,2024,9,25,8,00,0.0,1006.73,33.03,90.73,15512.42,74.11,0,1006.69,32.64,87.9,14056.67,59.75,0,1006.78,33.42,93.79,17089.17,90.43
20240925081002,2,2024,9,25,8,10,0.0,1006.72,33.61,85.41,19578.08,119.18,0,1006.69,33.24,82.34,17855.0,98.32,0,1006.75,34.16,87.16,20526.67,130.41
20240925082002,2,2024,9,25,8,20,0.0,1006.7,34.79,78.02,22354.5,155.8,0,1006.67,34.3,74.33,20844.17,134.55,0,1006.73,35.24,82.38,24426.67,186.58
20240925083002,2,2024,9,25,8,30,0.0,1006.65,35.52,71.47,24427.83,187.09,0,1006.6,35.24,69.33,23577.5,173.96,0,1006.75,35.74,73.68,25660.0,208.66
20240925084002,2,2024,9,25,8,40,0.0,1006.55,36.42,66.32,39936.91,600.44,0,1006.49,35.72,60.9,27306.67,239.3,0,1006.61,37.45,69.08,67048.59,1568.8
20240925085002,2,2024,9,25,8,50,0.0,1006.5,38.68,54.95,61988.41,1336.41,0,1006.48,37.7,50.38,51469.68,932.93,0,1006.53,39.76,59.07,70468.05,1591.44
20240925090002,2,2024,9,25,9,00,0.0,1006.46,40.09,47.88,32541.28,339.55,0,1006.43,39.82,46.47,29304.17,261.78,0,1006.48,40.22,50.23,42575.16,611.3
20240925091002,2,2024,9,25,9,10,0.0,1006.45,39.74,47.42,28571.25,246.43,0,1006.41,39.13,46.6,27290.0,221.28,0,1006.48,40.08,49.02,29932.5,270.25
20240925092002,2,2024,9,25,9,20,0.0,1006.44,38.57,51.52,31180.42,289.63,0,1006.41,38.3,49.26,27411.67,223.66,0,1006.48,39.11,52.97,34700.0,354.16
20240925093002,2,2024,9,25,9,30,0.0,1006.41,38.79,50.42,33624.41,330.46,0,1006.38,38.46,49.34,30613.33,281.55,0,1006.45,39.14,51.75,38645.83,420.49
20240925094002,2,2024,9,25,9,40,0.0,1006.4,39.82,47.07,48148.8,598.86,0,1006.35,39.16,43.92,35720.83,364.8,0,1006.47,40.68,48.65,66689.22,995.92
20240925095002,2,2024,9,25,9,50,0.0,1006.3,41.7,41.89,67371.67,1014.52,0,1006.25,40.74,38.61,43543.67,497.52,0,1006.35,42.59,44.07,101074.21,1660.36
20240925100002,2,2024,9,25,10,00,0.0,1006.24,43.53,36.48,75847.89,1220.69,0,1006.2,42.81,34.8,48777.97,624.4,0,1006.31,44.41,37.86,106536.71,1700.93
20240925101002,2,2024,9,25,10,10,0.0,1006.1,45.06,33.53,63381.63,1018.47,0,1006.06,44.33,32.54,34441.66,324.91,0,1006.17,45.4,34.49,95144.53,1620.58
20240925102002,2,2024,9,25,10,20,0.0,1006.1,43.8,35.66,56254.81,850.63,0,1006.07,43.64,34.22,27185.83,205.9,0,1006.12,44.18,36.33,101361.71,1731.66
20240925103002,2,2024,9,25,10,30,0.0,1006.07,45.03,33.93,66435.58,941.02,0,1006.02,43.89,31.97,21419.17,136.08,0,1006.12,45.88,36.08,102865.7,1675.54
20240925104002,2,2024,9,25,10,40,0.0,1006.0,44.45,34.18,44165.55,622.25,0,1005.93,43.81,32.36,21293.33,133.85,0,1006.04,45.44,35.55,110173.59,1751.63
20240925105002,2,2024,9,25,10,50,0.0,1005.88,46.14,31.2,84123.63,1239.01,0,1005.81,45.31,29.75,32940.83,316.8,0,1005.95,46.55,32.9,109212.26,1644.0
20240925110002,2,2024,9,25,11,00,0.0,1005.72,44.89,32.21,57478.78,940.36,0,1005.64,43.79,30.5,33778.33,337.44,0,1005.81,45.53,33.62,96801.25,1796.65
20240925111002,2,2024,9,25,11,10,0.0,1005.56,41.83,38.45,49865.78,826.46,0,1005.51,39.93,33.22,37664.3,439.3,0,1005.61,43.99,43.54,64664.14,1372.28
20240925112002,2,2024,9,25,11,20,0.0,1005.49,38.68,48.74,40996.6,517.97,0,1005.38,38.3,45.78,36746.66,407.06,0,1005.6,39.23,50.51,52946.71,867.0
20240925113002,2,2024,9,25,11,30,0.0,1005.26,39.62,47.52,61053.86,1019.78,0,1005.18,38.69,45.54,42882.42,532.64,0,1005.36,40.21,50.0,96880.31,1781.1
20240925114002,2,2024,9,25,11,40,0.0,1005.21,41.45,43.07,82157.8,1454.48,0,1005.14,39.75,40.04,58653.59,940.29,0,1005.27,42.73,46.68,97848.83,1729.13
20240925115002,2,2024,9,25,11,50,0.0,1005.07,42.15,40.82,44839.96,543.85,0,1005.01,40.13,38.55,30057.5,244.14,0,1005.14,43.24,45.86,90598.44,1560.8
20240925120002,2,2024,9,25,12,00,0.0,1004.94,40.48,45.68,65080.86,1049.83,0,1004.87,39.73,42.87,35069.61,336.33,0,1004.99,41.86,47.88,99904.45,1726.94
20240925121002,2,2024,9,25,12,10,0.0,1004.84,43.26,38.16,71825.94,1199.52,0,1004.81,42.22,36.27,40253.59,462.9,0,1004.9,43.97,40.77,98788.59,1686.46
20240925122002,2,2024,9,25,12,20,0.0,1004.86,42.5,39.58,49783.89,760.13,0,1004.8,42.03,38.41,36074.16,370.15,0,1004.94,42.97,40.54,84846.64,1711.29
20240925123002,2,2024,9,25,12,30,0.0,1004.77,42.35,39.68,44819.09,716.63,0,1004.68,42.02,38.84,32367.11,312.43,0,1004.87,42.64,40.38,85993.05,1749.19
20240925124002,2,2024,9,25,12,40,0.0,1004.6,42.39,39.62,44109.01,633.16,0,1004.47,41.31,37.83,25596.67,192.64,0,1004.68,42.85,42.06,86683.05,1749.53
20240925125002,2,2024,9,25,12,50,0.0,1004.44,41.0,43.39,42032.1,595.1,0,1004.38,40.38,40.81,25649.17,192.25,0,1004.48,41.79,45.46,80733.59,1732.5
20240925130002,2,2024,9,25,13,00,0.0,1004.38,42.04,40.22,51753.97,948.64,0,1004.34,41.56,38.57,36437.03,405.43,0,1004.43,42.61,41.21,69420.47,1507.32
20240925131002,2,2024,9,25,13,10,0.0,1004.27,42.67,38.89,40863.26,572.78,0,1004.21,42.41,37.94,31686.09,306.78,0,1004.31,42.98,39.92,63812.42,1378.5
20240925132002,2,2024,9,25,13,20,0.0,1004.2,43.89,36.92,54992.94,1046.84,0,1004.16,42.75,34.77,38217.73,448.54,0,1004.24,45.59,38.68,73287.34,1624.66
20240925133002,2,2024,9,25,13,30,0.0,1004.21,45.21,33.33,50309.62,914.91,0,1004.18,44.46,32.44,38756.8,495.72,0,1004.23,46.07,34.45,64311.95,1394.52
20240925134002,2,2024,9,25,13,40,0.0,1004.21,44.32,34.3,48103.52,881.71,0,1004.12,43.97,33.81,36255.55,432.01,0,1004.25,44.54,35.17,59735.31,1449.22
20240925135002,2,2024,9,25,13,50,0.0,1004.14,44.21,34.56,50742.84,979.28,0,1004.12,43.83,33.84,40366.66,545.92,0,1004.19,44.56,35.16,59225.0,1354.53
20240925140002,2,2024,9,25,14,00,0.0,1004.09,43.87,35.79,37286.76,554.77,0,1004.01,42.74,33.58,24828.33,194.47,0,1004.18,44.94,37.88,54677.11,1186.4
20240925141002,2,2024,9,25,14,10,0.0,1003.98,42.35,38.92,36455.11,478.58,0,1003.93,41.57,38.06,29857.5,276.39,0,1004.01,42.88,40.38,43227.42,709.94
20240925142002,2,2024,9,25,14,20,0.0,1003.93,42.24,39.32,38297.16,610.4,0,1003.87,41.7,38.58,24281.67,184.02,0,1003.99,42.73,40.47,50630.54,1034.54
20240925143002,2,2024,9,25,14,30,0.0,1003.91,39.96,45.21,21336.25,138.45,0,1003.87,38.61,40.95,20389.17,122.98,0,1003.95,41.43,49.92,23200.0,164.84
20240925144002,2,2024,9,25,14,40,0.0,1003.91,38.01,52.41,20632.67,129.2,0,1003.88,37.72,50.88,20073.33,120.9,0,1003.95,38.3,53.21,21512.5,143.99
20240925145002,2,2024,9,25,14,50,0.0,1003.94,38.06,52.96,18974.58,110.42,0,1003.86,37.78,51.87,17560.0,92.07,0,1003.97,38.41,53.96,21070.0,136.41
20240925150002,2,2024,9,25,15,00,0.0,1004.0,37.42,54.44,16536.58,81.88,0,1003.97,36.53,53.22,15550.83,72.34,0,1004.04,37.81,57.56,17106.67,88.16
20240925151002,2,2024,9,25,15,10,0.0,1004.06,36.6,58.24,14596.33,64.41,0,1003.99,36.12,57.25,13832.5,59.12,0,1004.15,36.82,61.28,15394.17,70.65
20240925152002,2,2024,9,25,15,20,0.0,1004.15,35.21,64.22,11847.0,42.58,0,1004.09,34.8,62.72,10725.83,33.98,0,1004.22,35.71,65.5,13499.17,55.35
20240925153002,2,2024,9,25,15,30,0.0,1004.21,34.98,64.74,10347.0,32.5,0,1004.17,34.91,63.77,9092.5,25.09,0,1004.26,35.08,65.4,10990.0,36.48
20240925154002,2,2024,9,25,15,40,0.0,1004.25,35.07,66.44,8956.67,24.69,0,1004.2,34.97,65.94,8822.5,23.42,0,1004.28,35.21,66.98,9076.67,25.96
20240925155002,2,2024,9,25,15,50,0.0,1004.3,34.9,67.16,8195.83,21.02,0,1004.26,34.81,66.23,7656.67,18.62,0,1004.35,34.97,68.54,8785.0,23.48
20240925160002,2,2024,9,25,16,00,0.0,1004.34,34.69,69.88,7473.08,17.7,0,1004.29,34.13,68.39,7092.5,16.2,0,1004.36,35.0,72.68,7698.33,18.83
20240925161002,2,2024,9,25,16,10,0.0,1004.45,33.88,74.41,7107.66,16.13,0,1004.37,33.81,73.23,6598.33,13.91,0,1004.52,34.01,75.18,7585.83,18.39
20240925162002,2,2024,9,25,16,20,0.0,1004.48,33.79,76.0,6080.0,11.66,0,1004.4,33.63,75.29,5641.67,9.89,0,1004.5,33.9,77.31,6458.33,13.22
20240925163002,2,2024,9,25,16,30,0.0,1004.46,33.6,78.63,4814.25,7.33,0,1004.43,33.53,77.68,4107.5,5.45,0,1004.5,33.67,79.61,5497.5,9.34
20240925164002,2,2024,9,25,16,40,0.0,1004.52,33.33,81.41,3132.08,3.28,0,1004.46,33.1,79.82,2720.0,2.43,0,1004.56,33.55,83.09,3866.67,4.95
20240925165002,2,2024,9,25,16,50,0.0,1004.62,33.01,84.06,2831.67,2.71,0,1004.59,32.93,83.22,2618.33,2.32,0,1004.66,33.13,84.77,3126.67,3.33
20240925170002,2,2024,9,25,17,00,0.0,1004.65,32.81,85.74,2134.75,1.6,0,1004.59,32.69,84.38,1908.33,1.32,0,1004.68,32.98,86.52,2577.5,2.29
20240925171002,2,2024,9,25,17,10,0.0,1004.64,32.62,87.08,1696.67,1.05,0,1004.62,32.28,86.36,1550.83,0.89,0,1004.67,32.8,87.56,1871.67,1.3
20240925172002,2,2024,9,25,17,20,0.0,1004.66,32.02,87.91,1090.34,0.46,0,1004.62,31.7,86.97,765.83,0.21,0,1004.69,32.24,89.89,1474.17,0.86
20240925173002,2,2024,9,25,17,30,0.0,1004.71,31.49,92.03,525.5,0.11,0,1004.66,31.39,90.46,332.5,0.05,0,1004.75,31.61,93.11,709.17,0.2
20240925174002,2,2024,9,25,17,40,0.0,1004.78,31.28,94.13,186.67,0.02,0,1004.73,31.17,93.08,104.17,0.01,0,1004.81,31.43,95.06,294.17,0.03
20240925175002,2,2024,9,25,17,50,0.0,1004.87,31.11,95.58,52.4,0.0,0,1004.81,31.06,95.19,22.5,0.0,0,1004.91,31.17,95.81,90.0,0.01
20240926054002,2,2024,9,26,5,40,0.0,1004.78,28.41,100.0,105.0,0.02,0,1004.75,28.39,100.0,24.17,0.0,0,1004.82,28.42,100.0,244.17,0.06
20240926055002,2,2024,9,26,5,50,0.0,1004.85,28.26,100.0,585.17,0.28,0,1004.78,28.11,100.0,295.83,0.08,0,1004.91,28.39,100.0,949.17,0.55
20240926060002,2,2024,9,26,6,00,0.0,1004.97,28.06,100.0,1460.33,1.12,0,1004.89,28.05,100.0,1058.33,0.67,0,1005.02,28.07,100.0,1821.67,1.55
20240926061002,2,2024,9,26,6,10,0.0,1005.03,28.16,100.0,2299.92,2.3,0,1004.99,28.08,100.0,1913.33,1.76,0,1005.07,28.25,100.0,2600.0,2.74
20240926062002,2,2024,9,26,6,20,0.0,1005.12,28.4,100.0,3260.42,4.53,0,1005.07,28.27,100.0,2643.33,2.94,0,1005.17,28.61,100.0,4225.0,7.62
20240926063002,2,2024,9,26,6,30,0.0,1005.24,28.89,100.0,3973.58,6.48,0,1005.18,28.69,100.0,3223.33,3.82,0,1005.31,29.02,100.0,4588.33,9.18
20240926064002,2,2024,9,26,6,40,0.0,1005.3,29.05,100.0,3354.5,4.04,0,1005.26,29.0,100.0,3116.67,3.64,0,1005.34,29.08,100.0,3666.67,4.69
20240926065002,2,2024,9,26,6,50,0.0,1005.3,29.41,100.0,3992.34,5.7,0,1005.24,29.12,100.0,3811.67,5.04,0,1005.35,29.58,100.0,4076.67,5.93
20240926070002,2,2024,9,26,7,00,0.0,1005.48,29.91,100.0,4141.42,6.2,0,1005.4,29.61,100.0,3939.17,5.5,0,1005.57,30.2,100.0,4521.67,7.43
20240926071002,2,2024,9,26,7,10,0.0,1005.7,30.45,100.0,4817.58,8.08,0,1005.59,30.29,100.0,4633.33,7.5,0,1005.78,30.55,100.0,5215.83,9.34
20240926072002,2,2024,9,26,7,20,0.0,1005.89,30.52,100.0,5319.5,9.93,0,1005.78,30.46,100.0,4722.5,7.76,0,1005.97,30.59,100.0,6370.0,13.98
20240926073002,2,2024,9,26,7,30,0.0,1005.93,30.76,100.0,7481.42,18.88,0,1005.89,30.51,100.0,6478.33,14.03,0,1005.98,31.07,100.0,8778.33,25.05
20240926074002,2,2024,9,26,7,40,0.0,1005.87,31.48,100.0,8487.67,23.74,0,1005.83,31.14,100.0,8140.83,21.49,0,1005.94,31.77,100.0,8832.5,26.1
20240926075002,2,2024,9,26,7,50,0.0,1005.98,31.51,100.0,5937.33,11.92,0,1005.94,31.4,100.0,5468.33,10.34,0,1006.05,31.6,100.0,7310.0,17.14
20240926080002,2,2024,9,26,8,00,0.0,1006.06,31.48,100.0,5793.83,11.42,0,1006.02,31.43,100.0,5624.17,10.92,0,1006.12,31.57,100.0,6185.83,12.64
20240926081002,2,2024,9,26,8,10,0.0,1005.97,31.83,99.04,6502.58,14.38,0,1005.93,31.61,97.51,6352.5,13.8,0,1006.04,32.07,100.0,6719.17,15.33
20240926082002,2,2024,9,26,8,20,0.0,1005.97,32.15,96.68,6729.67,15.38,0,1005.9,32.09,95.93,6185.83,12.72,0,1006.05,32.23,97.48,6946.67,16.37
20240926083002,2,2024,9,26,8,30,0.0,1006.09,31.79,96.16,5263.42,9.75,0,1006.06,31.55,95.1,4856.67,8.15,0,1006.13,32.11,97.93,5919.17,12.43
20240926084002,2,2024,9,26,8,40,0.0,1006.06,32.06,95.51,7677.08,20.48,0,1006.04,31.66,93.01,6188.33,13.65,0,1006.11,32.55,97.92,9352.5,29.26
20240926085002,2,2024,9,26,8,50,0.0,1006.01,33.3,89.1,11498.67,43.3,0,1005.99,32.69,85.03,9895.83,32.55,0,1006.04,33.85,92.87,13099.17,55.2
20240926090002,2,2024,9,26,9,00,0.0,1006.01,33.92,81.94,12158.0,48.08,0,1005.97,33.82,80.09,11582.5,43.76,0,1006.05,34.01,84.33,12998.33,54.9
20240926091002,2,2024,9,26,9,10,0.0,1006.03,34.18,79.46,11372.17,42.99,0,1006.0,33.95,77.47,10251.67,34.99,0,1006.05,34.48,81.28,12606.67,52.06
20240926092002,2,2024,9,26,9,20,0.0,1006.06,34.79,75.65,14322.58,67.05,0,1006.02,34.52,73.95,12643.33,53.07,0,1006.09,35.1,76.9,16522.5,88.16
20240926093002,2,2024,9,26,9,30,0.0,1006.03,35.41,71.05,18791.92,113.69,0,1005.99,35.13,68.73,17010.0,93.49,0,1006.06,36.09,73.5,20370.0,131.45
20240926094002,2,2024,9,26,9,40,0.0,1005.91,36.88,63.55,23450.92,172.95,0,1005.82,36.32,60.65,21317.5,141.84,0,1005.98,37.26,67.45,24525.0,189.87
20240926095002,2,2024,9,26,9,50,0.0,1005.75,37.22,59.88,17504.5,101.8,0,1005.69,36.86,58.33,13477.5,61.08,0,1005.83,37.51,61.67,23030.83,165.78
20240926100002,2,2024,9,26,10,00,0.0,1005.67,36.5,61.04,11269.75,45.14,0,1005.64,36.04,59.79,9185.0,30.76,0,1005.71,36.78,63.31,13027.5,58.97
20240926101002,2,2024,9,26,10,10,0.0,1005.78,34.9,69.79,8391.42,25.13,0,1005.7,34.2,64.11,7895.0,23.19,0,1005.84,35.8,74.74,9334.17,28.68
20240926102002,2,2024,9,26,10,20,0.0,1005.82,33.32,80.74,7228.17,17.27,0,1005.8,32.71,76.26,5463.33,9.83,0,1005.84,33.95,85.2,9155.0,27.41
20240926103002,2,2024,9,26,10,30,0.0,1005.76,32.18,88.32,5556.83,10.05,0,1005.72,31.7,85.32,5025.0,8.58,0,1005.81,32.69,91.54,6800.83,14.18
20240926104002,2,2024,9,26,10,40,0.0,1005.71,31.53,94.02,10313.75,32.65,0,1005.65,31.43,92.2,7429.17,16.93,0,1005.79,31.67,95.13,12355.0,46.64
20240926105002,2,2024,9,26,10,50,0.0,1005.56,32.12,91.41,15650.17,76.71,0,1005.52,31.62,87.95,13120.0,53.52,0,1005.66,32.5,94.62,16934.17,88.84
20240926110002,2,2024,9,26,11,00,0.0,1005.46,32.01,91.29,14815.33,68.76,0,1005.35,31.67,88.55,13323.33,56.24,0,1005.56,32.14,98.5,16619.17,83.54
20240926111002,2,2024,9,26,11,10,0.0,1005.4,30.6,100.0,11485.83,47.6,0,1005.34,30.12,100.0,7361.67,18.88,0,1005.45,31.44,100.0,16764.17,88.54
20240926112002,2,2024,9,26,11,20,0.0,1005.26,30.62,100.0,16248.42,85.04,0,1005.08,30.21,100.0,9831.67,31.46,0,1005.37,30.93,100.0,22556.67,158.5
20240926113002,2,2024,9,26,11,30,0.0,1005.16,30.18,100.0,23912.0,189.45,0,1005.1,29.76,100.0,17280.0,106.5,0,1005.23,30.6,100.0,32321.67,299.49
20240926114002,2,2024,9,26,11,40,0.0,1005.14,30.28,100.0,22074.58,168.74,0,1005.04,29.86,100.0,17341.67,100.31,0,1005.23,30.77,100.0,35052.5,375.18
20240926115002,2,2024,9,26,11,50,0.0,1005.02,30.3,100.0,10456.92,38.39,0,1004.92,29.79,100.0,8789.17,25.6,0,1005.08,30.74,100.0,14345.83,70.72
20240926120002,2,2024,9,26,12,00,0.0,1004.87,29.69,100.0,8943.08,25.93,0,1004.81,29.65,100.0,7773.33,19.62,0,1004.95,29.76,100.0,10091.67,32.67
20240926121002,2,2024,9,26,12,10,0.0,1004.73,29.9,100.0,8547.33,23.86,0,1004.65,29.75,100.0,7605.83,18.62,0,1004.78,30.1,100.0,9058.33,26.99
20240926122002,2,2024,9,26,12,20,0.0,1004.65,30.15,100.0,6954.42,15.32,0,1004.57,30.03,100.0,6587.5,13.91,0,1004.72,30.2,100.0,7209.17,16.85
20240926123002,2,2024,9,26,12,30,0.0,1004.5,30.1,100.0,7329.0,16.57,0,1004.38,30.02,100.0,6934.17,15.25,0,1004.59,30.2,100.0,7787.5,18.53
20240926124002,2,2024,9,26,12,40,0.0,1004.42,29.91,100.0,6504.25,13.05,0,1004.16,29.76,100.0,6077.5,11.19,0,1004.55,30.04,100.0,7065.83,15.49
20240926125002,2,2024,9,26,12,50,0.0,1004.35,29.82,100.0,6593.08,13.43,0,1004.26,29.68,100.0,6200.83,11.76,0,1004.39,30.06,100.0,6881.67,14.79
20240926130002,2,2024,9,26,13,00,0.0,1004.33,30.09,100.0,5632.5,10.28,0,1004.23,30.05,100.0,5361.67,9.3,0,1004.45,30.12,100.0,6465.83,13.32
20240926131002,2,2024,9,26,13,10,0.0,1004.24,30.4,99.72,6450.83,13.58,0,1004.14,30.24,98.9,5705.0,10.49,0,1004.36,30.61,100.0,7025.0,16.24
20240926132002,2,2024,9,26,13,20,0.0,1004.14,30.56,98.99,8111.25,22.33,0,1004.08,30.26,97.05,6217.5,12.72,0,1004.21,30.81,100.0,11035.0,38.88
20240926133002,2,2024,9,26,13,30,0.0,1004.08,30.7,96.25,10597.17,36.53,0,1004.04,30.57,95.44,9197.5,27.97,0,1004.13,30.9,97.31,12076.67,46.45
20240926134002,2,2024,9,26,13,40,0.0,1004.08,30.71,95.49,9420.33,29.45,0,1004.0,30.56,94.18,6960.83,16.29,0,1004.14,30.81,96.85,11733.33,43.68
20240926135002,2,2024,9,26,13,50,0.0,1004.02,31.14,92.47,13666.92,62.74,0,1003.97,30.61,90.52,8120.83,22.46,0,1004.1,31.54,94.65,16621.67,88.46
20240926140002,2,2024,9,26,14,00,0.0,1003.93,31.37,90.3,13314.33,58.04,0,1003.88,31.09,89.12,12347.5,50.34,0,1003.97,31.57,91.62,14700.83,70.21
20240926141002,2,2024,9,26,14,10,0.0,1003.88,31.96,86.47,13007.92,55.96,0,1003.81,31.73,85.34,10807.5,38.51,0,1003.93,32.11,88.66,15520.0,77.43
20240926142002,2,2024,9,26,14,20,0.0,1003.86,32.04,85.15,12445.58,52.31,0,1003.81,31.95,84.82,11055.0,42.32,0,1003.91,32.15,85.57,14195.83,66.26
20240926143002,2,2024,9,26,14,30,0.0,1003.9,32.49,82.93,12574.08,53.05,0,1003.87,32.21,80.92,10816.67,39.63,0,1003.94,32.79,84.62,14138.33,65.53
20240926144002,2,2024,9,26,14,40,0.0,1003.91,33.08,79.78,10476.17,38.7,0,1003.88,32.93,79.25,6217.5,13.83,0,1003.94,33.19,80.68,13429.17,59.06
20240926145002,2,2024,9,26,14,50,0.0,1003.88,32.64,80.65,9207.92,29.62,0,1003.78,32.26,79.09,6409.17,14.74,0,1003.95,33.11,82.96,12168.33,49.56
20240926150002,2,2024,9,26,15,00,0.0,1003.81,32.02,83.69,10903.33,40.95,0,1003.81,32.02,83.69,10903.33,40.95,0,1003.81,32.02,83.69,10903.33,40.95
