SeqNumber,Hour,Minute,Avg_Temperature(°C),Avg_Humidity(%),Avg_Sunlight(Lux),Min_Temperature(°C),Min_Humidity(%),Min_Sunlight(Lux),Min_Power(mW),Max_Temperature(°C),Max_Humidity(%),Max_Sunlight(Lux),Max_Power(mW),Avg_Power(mW)
20240214090013,0.0211056545376777,0.2067148089408874,0.1455329805612564,0.7906984686851501,0.0268792621791362,0.143302708864212,0.7842164039611816,0.0428087189793586,-0.0058097261935472,0.1505505889654159,0.786354660987854,0.0348717831075191,0.0160149559378623,0.0
20240214091013,0.2630705237388611,0.2744713425636291,0.409039556980133,0.2524246871471405,0.223723828792572,0.3790118098258972,0.2196647226810455,0.1386471837759018,0.013869147747755,0.4461970329284668,0.289022147655487,0.3390008807182312,0.2337407171726226,236.6102034077857
20240214092013,0.2338340878486633,0.4800645112991333,0.4003198146820068,0.2235419899225235,0.1555967330932617,0.3814520835876465,0.1898784041404724,0.1322312653064727,0.0032072234898805,0.4333126544952392,0.2563109397888183,0.2247882485389709,0.0901463106274604,49.26017047427629
20240214093013,0.1799092888832092,0.6868876218795776,0.3620221614837646,0.2297439724206924,0.1231725960969924,0.3417374491691589,0.1880501806735992,0.1346339583396911,0.0146724265068769,0.3985593318939209,0.2712264060974121,0.1554752439260482,0.0379974022507667,0.8439999839422683
20240214094013,0.1322750151157379,0.8710192441940308,0.3481228351593017,0.2148003280162811,0.1121902167797088,0.3210253119468689,0.1723890155553817,0.1469727456569671,0.0379167348146438,0.3906197547912597,0.2613418102264404,0.1382698565721511,0.0232126265764236,0.0
20240214095013,0.1125395968556404,0.9685611724853516,0.3296777009963989,0.2093434482812881,0.1121221631765365,0.3019998073577881,0.1742549538612365,0.1613886058330536,0.0539733842015266,0.3709211349487304,0.2532732188701629,0.1337613612413406,0.0079002231359481,0.0
20240214100013,0.1093985587358474,0.9943506121635436,0.3168002367019653,0.2018255442380905,0.121845006942749,0.2921738624572754,0.1725717484951019,0.1686366200447082,0.0586364567279815,0.3547189235687256,0.2424022257328033,0.1392101347446441,0.0069646164774894,10.284421654424392
20240214101013,0.1192452833056449,0.9900429844856262,0.3103886842727661,0.1903693377971649,0.1327791959047317,0.2919830083847046,0.1675516664981842,0.1692257076501846,0.0586276873946189,0.3427777290344238,0.2243701219558715,0.1449440717697143,0.0124695226550102,37.271453935189896
20240214102013,0.1360583156347274,0.9637925028800964,0.3121237456798553,0.1711969226598739,0.1498768031597137,0.3018774390220642,0.1575438827276229,0.1704736351966858,0.0614667013287544,0.3367871046066284,0.1951747834682464,0.1553103476762771,0.0272570773959159,85.2997372230706
20240214103013,0.1550080776214599,0.9121269583702089,0.3184359073638916,0.1548931449651718,0.1677170246839523,0.3144397139549255,0.1492742598056793,0.1770471036434173,0.0693765878677368,0.3367688059806824,0.1701461225748062,0.1652119904756546,0.0391372218728065,133.00271629828958
20240214104013,0.1726994812488556,0.8727625608444214,0.324003517627716,0.1455567628145218,0.1842830181121826,0.3231538534164428,0.1451660394668579,0.1877500116825103,0.0803258195519447,0.3387609124183655,0.1554286628961563,0.172876700758934,0.044417031109333,172.8040753279728
20240214105013,0.1881235092878341,0.8551013469696045,0.3278156518936157,0.1413094103336334,0.195989191532135,0.3280357122421264,0.1437756717205047,0.1967902183532714,0.089094191789627,0.3409943580627441,0.14870485663414,0.1787261664867401,0.0469861924648284,198.68824573959174
20240214110013,0.1989676058292389,0.8430234789848328,0.330426812171936,0.1375160366296768,0.201473519206047,0.3295589089393616,0.1399438381195068,0.202835813164711,0.0950083285570144,0.3443692922592163,0.1453795731067657,0.1818980425596237,0.0478970110416412,210.00072950030747
20240214111013,0.2041767239570617,0.8434420824050903,0.3305511474609375,0.1319868415594101,0.2027201950550079,0.3258357644081116,0.1309740394353866,0.2081392109394073,0.0997985899448394,0.3480685353279114,0.1438526511192321,0.1831747144460678,0.0476399362087249,210.4965469801231
20240214112013,0.2094675004482269,0.8431441187858582,0.3317197561264038,0.1294257789850235,0.202272817492485,0.3249992728233337,0.1265612840652465,0.2092235535383224,0.1007263660430908,0.3509836792945862,0.1436688601970672,0.1845947951078415,0.049021653831005,208.50858165383684
20240214113013,0.215596467256546,0.8491008281707764,0.3329709768295288,0.1296272724866867,0.2013778537511825,0.3255493640899658,0.1263223588466644,0.2071182131767273,0.0985827296972274,0.3524753451347351,0.1447740048170089,0.1859857887029647,0.0511494949460029,206.39872116659686
20240214114013,0.2214483022689819,0.8586590886116028,0.3335075378417969,0.1317886561155319,0.1998378187417984,0.3259020447731018,0.1285185068845749,0.2031705379486084,0.0948414281010627,0.352624773979187,0.1472000181674957,0.1867619603872299,0.052839882671833,203.4823985227255
20240214115013,0.2267836034297943,0.8652415871620178,0.3336248397827148,0.1351645588874817,0.198110356926918,0.3262372612953186,0.1322841644287109,0.1983492821455001,0.0905020385980606,0.3519623279571533,0.1502468436956405,0.1871441751718521,0.0540615022182464,200.71207354713104
20240214120013,0.2296769022941589,0.8739029169082642,0.3334594368934631,0.1373328268527984,0.1964344829320907,0.3261491656303406,0.134472981095314,0.1946837604045868,0.0875920504331588,0.3513713479042053,0.1521939635276794,0.1877010464668274,0.0550306588411331,198.2865060874516
20240214121013,0.2335409820079803,0.873275637626648,0.3333353996276855,0.1422386020421981,0.1947546452283859,0.327084481716156,0.1404891908168792,0.1890397667884826,0.0829192474484443,0.3496768474578857,0.1555257737636566,0.1873963773250579,0.0554837435483932,196.67286964596465
20240214122013,0.2367023229598999,0.8682328462600708,0.3334833979606628,0.1463024765253067,0.1939649134874344,0.3281108140945434,0.1455333232879638,0.1849230527877807,0.079434610903263,0.3485150933265686,0.1580412536859512,0.1877716034650802,0.0562837049365043,196.28789592094395
20240214123013,0.2390047013759613,0.8618108630180359,0.3338155746459961,0.1490691900253296,0.1937727928161621,0.3289347887039184,0.1489863097667694,0.1825449168682098,0.0771806016564369,0.3479975461959839,0.1595760732889175,0.1887000501155853,0.0573878586292266,196.15115349662736
20240214124013,0.239697515964508,0.8581935167312622,0.3340564370155334,0.1503047049045562,0.193542793393135,0.3291699886322021,0.1504462957382202,0.1816505193710327,0.0761022716760635,0.3479475378990173,0.1601325571537017,0.190194696187973,0.05906293541193,195.22182367166582
20240214125013,0.2384830713272094,0.8588532209396362,0.3341035842895508,0.150580808520317,0.1924075931310653,0.3288191556930542,0.150526687502861,0.1812564134597778,0.075547456741333,0.3481388092041015,0.1602080017328262,0.1917240470647812,0.061090312898159,192.22644921366853
20240214130013,0.2358260154724121,0.8617608547210693,0.3335996866226196,0.151129201054573,0.1899498254060745,0.3277695775032043,0.150571584701538,0.1806416660547256,0.0747470781207084,0.3480449318885803,0.1607678085565567,0.1930443346500396,0.0631785318255424,186.06933203774852
20240214131013,0.244945228099823,0.8492655754089355,0.3287003636360168,0.1576754599809646,0.1955766826868057,0.3236202001571655,0.1581853330135345,0.1835368275642395,0.0734159648418426,0.3429946303367615,0.1654921174049377,0.1998057216405868,0.066929705440998,190.03436499899843
20240214132013,0.2592090368270874,0.8395512104034424,0.3207432627677917,0.165157601237297,0.2034895867109298,0.3168071508407593,0.1672830879688263,0.1886527389287948,0.0745343118906021,0.3344678878784179,0.1710295528173446,0.2095067352056503,0.0719130188226699,198.76513567086252
20240214133013,0.2703062295913696,0.8325517177581787,0.3157088756561279,0.1697592586278915,0.2089215070009231,0.3126170039176941,0.173385351896286,0.1932571083307266,0.0780319944024086,0.3285746574401855,0.1743546277284622,0.2167329788208007,0.0765897631645202,207.96949240617383
20240214134013,0.2756509184837341,0.8257996439933777,0.3133861422538757,0.172370359301567,0.2098391950130462,0.3106328248977661,0.1768746227025985,0.195543885231018,0.0815308988094329,0.3254542350769043,0.1764806509017944,0.2203463166952133,0.0798026546835899,211.85225557116124
20240214135013,0.2761825025081634,0.8171804547309875,0.313044011592865,0.1732504516839981,0.2079968601465225,0.3101696968078613,0.1781165599822998,0.1957070082426071,0.083766259253025,0.3243584036827087,0.1774972677230835,0.2210533320903778,0.0812189653515815,211.40021896199394
20240214140013,0.2701719403266907,0.8077594637870789,0.3137785196304321,0.1721888482570648,0.2040961980819702,0.3102554082870483,0.1769531071186065,0.1937518566846847,0.0845045000314712,0.3243672847747803,0.1771725863218307,0.2180769890546798,0.0800578370690345,207.87234036760302
20240214141013,0.268870860338211,0.8129221200942993,0.3153313994407654,0.1701628863811493,0.2049874663352966,0.3114553093910217,0.1741685569286346,0.1951965987682342,0.0854509249329567,0.3269798755645752,0.1755401790142059,0.2205424457788467,0.0811514258384704,208.46389917483944
20240214142013,0.2691656649112701,0.8178021311759949,0.3160603642463684,0.1689835488796234,0.2063010931015014,0.3121604323387146,0.1726663708686828,0.1964217573404312,0.0860316529870033,0.3283637762069702,0.1744077950716018,0.2224641591310501,0.0819975510239601,209.9396281616072
20240214143013,0.2676742970943451,0.8202162384986877,0.3167220950126648,0.1677147895097732,0.2066131085157394,0.3126296997070312,0.1710703074932098,0.1970303207635879,0.0865635126829147,0.329452633857727,0.1733759641647339,0.2231118828058242,0.0821694731712341,210.35309963800992
20240214144013,0.2642260789871216,0.8207076191902161,0.3174394369125366,0.1662963181734085,0.2057508677244186,0.3130017518997192,0.1692508161067962,0.1968341469764709,0.0867897272109985,0.3304644227027893,0.1723541468381881,0.2224567532539367,0.0816119015216827,209.1720803462879
20240214145013,0.2600129544734955,0.8209351897239685,0.3183201551437378,0.1647719442844391,0.2044600993394851,0.3134452700614929,0.1672265827655792,0.1963176280260086,0.0868095606565475,0.3316379189491272,0.1713124364614486,0.2213960438966751,0.0807752013206482,207.23598819296197
20240214150013,0.256709486246109,0.8238433599472046,0.3195116519927978,0.1629287600517273,0.2037208080291748,0.3141576051712036,0.1646815240383148,0.1964078545570373,0.0870997756719589,0.3334509134292602,0.1700090318918228,0.2214025110006332,0.0805251374840736,205.7544428377187
20240214151013,0.2577292025089264,0.8324706554412842,0.3204944133758545,0.1608732491731643,0.2059099227190017,0.314887523651123,0.1618488132953643,0.1986685544252395,0.0880108252167701,0.3358244299888611,0.1682971119880676,0.2246444225311279,0.0819016844034195,207.65470775597205
20240214152013,0.2580541968345642,0.8406821489334106,0.3217008113861084,0.1586131602525711,0.2075023502111435,0.3158358931541443,0.1587717533111572,0.2005016207695007,0.0886292457580566,0.3383400440216064,0.166394367814064,0.2273834645748138,0.0830847844481468,208.5168273346341
20240214153013,0.2565239071846008,0.8467091917991638,0.3228591680526733,0.1563796252012252,0.2077822089195251,0.3166402578353882,0.1557211279869079,0.2012794315814972,0.088710717856884,0.3405472636222839,0.1646168828010559,0.2285541892051696,0.0834322199225425,207.55213057036534
20240214154013,0.2530738115310669,0.852928876876831,0.3242337703704834,0.1536878794431686,0.2070019096136093,0.3175241351127624,0.1520150899887085,0.2015257328748703,0.0885660126805305,0.3430618047714233,0.1625559777021408,0.2286914736032486,0.0831111595034599,204.81169053563465
20240214155013,0.2453407645225525,0.8646445274353027,0.3264681696891784,0.1491729319095611,0.2044507712125778,0.3190098404884338,0.1456379294395446,0.2015395909547805,0.0882158577442169,0.347225546836853,0.1591361314058303,0.2275197952985763,0.0814659297466278,197.93530979628272
20240214160013,0.2234765589237213,0.8864298462867737,0.3295134305953979,0.1431193500757217,0.1914104372262954,0.3221760392189026,0.1365707963705063,0.1953225135803222,0.0837398841977119,0.3518183827400207,0.1544726938009262,0.2149923294782638,0.0726681128144264,171.90751504624885
20240214161013,0.2145639955997467,0.8881610631942749,0.3299945592880249,0.1439332515001297,0.182721808552742,0.3232350945472717,0.1368755996227264,0.1882037818431854,0.078754685819149,0.3514211773872375,0.1555519998073578,0.2054616510868072,0.067709594964981,157.26035392906581
20240214162013,0.2059608995914459,0.8869388103485107,0.3303495645523071,0.1456336677074432,0.1738250702619552,0.3240587115287781,0.1381972879171371,0.1803979724645614,0.0733886733651161,0.3506901264190674,0.1575826406478881,0.195522740483284,0.0625405758619308,142.80555407161629
20240214163013,0.2001478970050811,0.8865338563919067,0.3305478692054748,0.1466823518276214,0.1684520840644836,0.3244504928588867,0.138937622308731,0.1759437322616577,0.0704671293497085,0.3503527641296386,0.1589120626449585,0.18952476978302,0.0592056661844253,134.0955084882659
20240214164013,0.1952452361583709,0.8880023956298828,0.3308418989181518,0.1467387974262237,0.1650194525718689,0.3245226144790649,0.1385000348091125,0.1736456751823425,0.0692983940243721,0.3506436347961426,0.1594678163528442,0.1859896332025528,0.0571550205349922,128.66165754183956
20240214165013,0.1920768916606903,0.8909067511558533,0.331583559513092,0.145212709903717,0.1642234027385711,0.3244571685791015,0.1363040804862976,0.1740809977054596,0.0703656747937202,0.3520140051841736,0.1587021499872207,0.1859192550182342,0.0570524856448173,127.79295119672022
20240221090013,-0.0076186880469322,0.0122885853052139,0.2335504442453384,0.8588365316390991,0.0072770379483699,0.2506090998649597,0.8578152656555176,0.0264845266938209,0.0091985668987035,0.2333700805902481,0.8523764610290527,0.0107440575957298,0.0097233802080154,0.0
20240221091013,0.1794904172420501,0.1676858216524124,0.4539837837219238,0.3587513267993927,0.1442044377326965,0.4454723000526428,0.318508118391037,0.0965796113014221,0.0094518959522247,0.486142635345459,0.3970860540866852,0.1722062230110168,0.1035251095890998,155.6515539395987
20240221092013,0.1851373016834259,0.4466882348060608,0.428441047668457,0.2988980412483215,0.0890182182192802,0.428213357925415,0.2647785246372223,0.0717118829488754,-0.0163016710430383,0.4534511566162109,0.3247004449367523,0.1476597487926483,0.050821803510189,0.0
20240221093013,0.1342192888259887,0.6639887094497681,0.3652361631393432,0.3149037063121795,0.056302785873413,0.3622803092002868,0.2779034376144409,0.0597982890903949,-0.0109366234391927,0.3905327320098877,0.3433628380298614,0.0985603630542755,0.0159390196204185,0.0
20240221094013,0.0871819630265235,0.8268084526062012,0.3573871850967407,0.2761419415473938,0.0637078732252121,0.3375353217124939,0.2328452467918396,0.0784696191549301,0.0113204922527074,0.3951118588447571,0.3162636756896972,0.1177672669291496,0.0261576846241951,0.0
20240221095013,0.0657735913991928,0.9228610396385192,0.3261837363243103,0.2776921391487121,0.0704040303826332,0.3017579317092895,0.2436753511428833,0.0976280122995376,0.0300405379384756,0.3620321750640869,0.3126586973667145,0.1286712288856506,0.0145521089434623,0.0
20240221100013,0.0626260638236999,0.9708483219146729,0.3146150708198547,0.2622683644294739,0.0774274766445159,0.2876172065734863,0.2316139042377472,0.1070171594619751,0.0329880863428115,0.350216805934906,0.296539306640625,0.1339340806007385,0.0088430419564247,0.0
20240221101013,0.0751273930072784,0.9706300497055054,0.3019118010997772,0.2479345649480819,0.0918596237897872,0.2760088443756103,0.2178753614425659,0.1116001084446907,0.0319265127182006,0.3367260098457336,0.2827856838703155,0.1344931721687317,0.00746700912714,2.4490480256908143
20240221102013,0.0933261215686798,0.931681513786316,0.3006574809551239,0.2210787683725357,0.1139427870512008,0.2795697748661041,0.193200945854187,0.1235058978199958,0.0383676141500473,0.3332659602165222,0.2537460923194885,0.1369619667530059,0.0110042914748191,45.815338229278865
20240221103013,0.1017172038555145,0.9251506328582764,0.3037701249122619,0.1983880698680877,0.1387445330619812,0.287399411201477,0.1742493510246276,0.1468376219272613,0.0558388456702232,0.333997905254364,0.2273600101470947,0.1428521126508712,0.0137517526745796,93.77682219569775
20240221104013,0.1035622954368591,0.9421656131744384,0.3035927414894104,0.187136560678482,0.1543537378311157,0.2912814617156982,0.1667121946811676,0.1677912026643753,0.0715008676052093,0.3317838311195373,0.2123761773109436,0.1438446044921875,0.0074670240283012,118.64063983794463
20240221105013,0.1049139499664306,0.9595747590065002,0.3038974404335022,0.1784648597240448,0.158350259065628,0.2947540581226349,0.1604345142841339,0.179052323102951,0.0779539570212364,0.3309808373451233,0.2013022303581237,0.1419240832328796,0.0003251507878303,117.14454201974357
20240221110013,0.1094385683536529,0.9699870347976683,0.3067893385887146,0.170003667473793,0.1552474349737167,0.3003800511360168,0.1537591218948364,0.1820285320281982,0.0777042880654335,0.332968533039093,0.191117912530899,0.1378141790628433,-0.003441035747528,104.07709308446593
20240221111013,0.1188775673508644,0.9715811014175416,0.3128136992454529,0.1627862006425857,0.1501912623643875,0.309357225894928,0.1490270644426345,0.1782495975494384,0.0726577341556549,0.3369607925415039,0.181484118103981,0.1339426636695861,-0.002535380423069,92.04479458753465
20240221112013,0.1295603513717651,0.96828430891037,0.3193613886833191,0.1577310711145401,0.1466026455163955,0.317935585975647,0.1460155099630355,0.1729794442653656,0.0676001757383346,0.3414017558097839,0.1744240969419479,0.1328125596046447,0.0016756281256675,86.24869512487604
20240221113013,0.1394868493080139,0.962615430355072,0.3244563341140747,0.155125543475151,0.1453066617250442,0.3240053653717041,0.1447480618953704,0.1692599952220916,0.0645839124917984,0.3449069857597351,0.1705431640148162,0.134306862950325,0.0071803107857704,86.00079516818855
20240221114013,0.1482641994953155,0.9562453627586364,0.3273797631263733,0.1545088440179824,0.1450943499803543,0.3272417187690735,0.1449817419052124,0.1668051034212112,0.0628547891974449,0.3467065095901489,0.1691546589136123,0.1368252038955688,0.0122032240033149,87.61720518572733
20240221115013,0.1564709544181823,0.9495646953582764,0.3288058042526245,0.1553428173065185,0.144890010356903,0.3287242650985718,0.1464967429637909,0.1644876152276992,0.0612869188189506,0.3471906781196594,0.1693573296070099,0.1395055055618286,0.0168406143784523,89.02132543465135
20240221120013,0.1659038364887237,0.9407331347465516,0.3289885520935058,0.1572526544332504,0.1452909111976623,0.3291339874267578,0.149240642786026,0.1619454622268676,0.0594588220119476,0.346223771572113,0.1703834533691406,0.1429023891687393,0.0217069759964942,91.6274621750463
20240221121013,0.175427496433258,0.9269517660140992,0.3285732865333557,0.1604122221469879,0.145449548959732,0.3291988372802734,0.1535965800285339,0.158167615532875,0.0563772991299629,0.3442589044570923,0.1721739768981933,0.1457050144672393,0.0260303989052772,93.82825834898537
20240221122013,0.1870602071285247,0.905872642993927,0.3280518651008606,0.1636850386857986,0.147095113992691,0.3291065096855163,0.1582969427108764,0.1551694869995117,0.0539485663175582,0.3420887589454651,0.1738871037960052,0.1498181521892547,0.0309270694851875,98.97758817834412
20240221123013,0.1978922486305236,0.8837587833404541,0.3274885416030884,0.1661529242992401,0.1503543704748153,0.3284951448440552,0.1620942950248718,0.1541703343391418,0.0526692941784858,0.3403817415237427,0.1750768274068832,0.1546848267316818,0.0354376658797264,105.91354185301097
20240221124013,0.2068066596984863,0.8690551519393921,0.3271763324737549,0.166682481765747,0.1553376615047454,0.3275699615478515,0.163625568151474,0.1559776365756988,0.0532818287611007,0.3396866917610168,0.1749297380447387,0.1606253236532211,0.0399533659219741,114.73623286987245
20240221125013,0.2115789949893951,0.8622798919677734,0.3272412419319153,0.1660789847373962,0.15883769094944,0.3269110321998596,0.1635636985301971,0.1578820347785949,0.0543809533119201,0.3397617936134338,0.1740880757570266,0.1652146428823471,0.043502002954483,120.87769428636332
20240221130013,0.2203916013240814,0.8532114028930664,0.3273476958274841,0.1651273071765899,0.1664186269044876,0.3261178135871887,0.1634484529495239,0.1627394556999206,0.0574032813310623,0.3400793671607971,0.1727739572525024,0.1736767888069152,0.0491356775164604,133.9365241564033
20240221131013,0.2527842819690704,0.8388074636459351,0.3245561718940735,0.1651773601770401,0.1973851472139358,0.3204396367073059,0.1644006371498108,0.1865497231483459,0.0717878639698028,0.3406561613082886,0.1726748049259185,0.207149252295494,0.0674230083823204,181.98832041578945
20240221132013,0.2773051857948303,0.8376125693321228,0.3251444697380066,0.1612351685762405,0.2145682871341705,0.3184108138084411,0.1602933257818222,0.1969278156757354,0.080227106809616,0.3434037566184997,0.1709472686052322,0.2203419953584671,0.0763893499970436,216.8824964758077
20240221133013,0.276826947927475,0.8393909931182861,0.3250940442085266,0.1601819694042205,0.2141718417406082,0.3187981843948364,0.1597227454185485,0.1961641311645507,0.080365240573883,0.3428775668144226,0.169534295797348,0.219556525349617,0.0768005847930908,218.3259253073268
20240221134013,0.2753533720970154,0.8418856859207153,0.3235973119735718,0.1606431752443313,0.21311916410923,0.3178721666336059,0.1605647504329681,0.1958891749382019,0.0808283612132072,0.3410789966583252,0.1692559421062469,0.2200882881879806,0.0774289518594741,217.2865293819663
20240221135013,0.2732272744178772,0.8438049554824829,0.3224000334739685,0.1608282029628753,0.2120982855558395,0.3169876933097839,0.1609035283327102,0.1959189474582672,0.0814096629619598,0.3398169875144958,0.1689197719097137,0.2210072875022888,0.078110858798027,215.7823448062916
20240221140013,0.2706779837608337,0.8449638485908508,0.3219634294509887,0.1605946123600006,0.2112096399068832,0.3167456984519958,0.1606605052947998,0.1960476487874984,0.0818740874528884,0.3394708633422851,0.1682952493429184,0.2221441268920898,0.078890360891819,214.13263100948612
20240221141013,0.2729381322860718,0.8407093286514282,0.3200071454048157,0.1631227880716323,0.2119433730840683,0.3154232501983642,0.1643954217433929,0.1957834661006927,0.0815781205892562,0.3359217643737793,0.1700030267238617,0.221344992518425,0.0784070417284965,215.8687783811868
20240221142013,0.2753032743930816,0.8354289531707764,0.3183620572090149,0.1649491637945175,0.2132152616977691,0.3145045638084411,0.1674964725971222,0.1962262094020843,0.0818518921732902,0.3327987194061279,0.1708951443433761,0.2212003618478775,0.0784746408462524,218.57496824269086
20240221143013,0.2763567864894867,0.8306459784507751,0.317266047000885,0.1655750870704651,0.214106872677803,0.31395423412323,0.1691334545612335,0.1966797858476638,0.0823130309581756,0.3306054472923279,0.1707884818315506,0.2211077511310577,0.0786906108260154,220.78868826322244
20240221144013,0.2758338153362274,0.8263610601425171,0.3165535926818847,0.1654883176088333,0.21430703997612,0.3136072754859924,0.1697632223367691,0.1966853737831115,0.0825968235731124,0.3290325999259949,0.1702169775962829,0.2205269187688827,0.0786058753728866,221.99324174916924
20240221145013,0.2731656432151794,0.8234162330627441,0.3166466951370239,0.1645420640707016,0.2136773616075515,0.3138222098350525,0.1690257787704467,0.1958355456590652,0.0820530652999877,0.3287215232849121,0.1691138297319412,0.2192934304475784,0.0777274295687675,221.30223793448957
20240221150013,0.2664185762405395,0.8242105841636658,0.3176718354225158,0.1626583486795425,0.2107028216123581,0.3139770030975342,0.1659901440143585,0.1944041699171066,0.0814121142029762,0.330811083316803,0.1680750548839569,0.21831014752388,0.0770187154412269,215.93737137549877
20240221151013,0.2573693990707397,0.8287218809127808,0.3200245499610901,0.1588999330997467,0.2069168537855148,0.3148862719535827,0.1602155864238739,0.193439096212387,0.0809502378106117,0.3351826667785644,0.1657829135656356,0.2183496654033661,0.0767856836318969,207.80350515896944
20240221152013,0.2469728589057922,0.8395600318908691,0.3240641355514526,0.1529899835586547,0.2028447389602661,0.317011296749115,0.1515250504016876,0.1938375383615493,0.0814883187413215,0.3419712781906128,0.1619901955127716,0.2192842066287994,0.0768686830997467,197.88494952620422
20240221153013,0.2367605566978454,0.856031060218811,0.3277896046638489,0.1470595151185989,0.1992497593164444,0.3192670345306396,0.1428595781326294,0.1953532248735427,0.0828971788287162,0.3483083844184875,0.1580400615930557,0.2197249233722686,0.0762462839484214,188.48231423096595
20240221154013,0.2227851152420044,0.879260241985321,0.3298990130424499,0.1416428089141845,0.1939255595207214,0.3208346366882324,0.1348067373037338,0.1967567950487136,0.0848806351423263,0.3525522947311401,0.1541418582201004,0.2164737284183502,0.0726435780525207,176.63621509725877
20240221155013,0.210571140050888,0.8915707468986511,0.3294512033462524,0.1420881748199463,0.1831688731908798,0.3222208619117737,0.1343814134597778,0.1904248595237732,0.0807123482227325,0.3514930009841919,0.154246985912323,0.205502763390541,0.066272459924221,157.1780898951953
20240221160013,0.2031656205654144,0.8831294775009155,0.3301001787185669,0.1466153562068939,0.1710531115531921,0.3240811228752136,0.1391200423240661,0.1778127551078796,0.0712568834424018,0.3498440980911255,0.1586003750562667,0.1918714195489883,0.0602306276559829,137.70237467482585
20240221161013,0.2021892070770263,0.8831729292869568,0.3305648565292358,0.1462777704000473,0.1701366752386093,0.3243572115898132,0.1386449635028839,0.1771107017993927,0.0709915086627006,0.3503245711326599,0.1585011333227157,0.1911429464817047,0.0601042136549949,136.55866646984376
20240221162013,0.1993058025836944,0.884593665599823,0.3308662176132202,0.1462336331605911,0.1680266261100769,0.3245648741722107,0.1383214592933654,0.1756804287433624,0.0703189373016357,0.3506356477737427,0.1587348580360412,0.1889772266149521,0.0588962361216545,133.36426147129671
20240221163013,0.1956247985363006,0.8866741061210632,0.3309116959571838,0.1465910077095031,0.1653990596532821,0.3246268630027771,0.1383814811706543,0.1739004254341125,0.0693893432617187,0.3506389856338501,0.159322440624237,0.1861448734998703,0.0572038814425468,129.21345823345885
20240221164013,0.1930617988109588,0.8891251087188721,0.3310890197753906,0.1462683230638504,0.164076417684555,0.3245357871055603,0.1377066969871521,0.1733774095773697,0.0694183558225631,0.3510648608207702,0.1593335121870041,0.1850162595510482,0.05646713078022,127.23389407236155
20240221165013,0.1907603740692138,0.8916128873825073,0.3317800164222717,0.144871786236763,0.163703367114067,0.3244915604591369,0.13576440513134,0.1739489138126373,0.0704832077026367,0.3523172736167907,0.1585845202207565,0.1853798478841781,0.0567001327872276,127.07734488364079
20240314090013,0.2638912200927734,0.0047743469476699,0.1598385274410247,0.8516112565994263,0.0471419803798198,0.1638808697462082,0.8447813987731934,0.0420210361480712,0.0029489900916814,0.1566778570413589,0.8627995252609253,0.0514202564954757,0.0037590228021144,8.195708549974057
20240314091013,0.221499353647232,0.1766636073589325,0.4253882765769958,0.2795309126377105,0.1254211366176605,0.4042868018150329,0.2413690388202667,0.1006684675812721,0.0110598970204591,0.4505388140678406,0.3267471194267273,0.1921673566102981,0.1222074553370475,85.27476901039418
20240314092013,0.166375458240509,0.3873566091060638,0.2758383750915527,0.4627029299736023,0.0374592654407024,0.274673581123352,0.4440276622772217,0.0463049560785293,0.0016429964452981,0.2802087664604187,0.485763669013977,0.0379560962319374,-0.0346453748643398,0.0
20240314093013,0.1137300804257392,0.6081705093383789,0.3077664375305176,0.3776452839374542,0.0757951587438583,0.2994211316108703,0.3564682602882385,0.0718127638101577,0.0106901358813047,0.3227465748786926,0.4060282111167907,0.0612890347838401,-0.0017518773674964,36.82587042659961
20240314094013,0.0996238514780998,0.8005467653274536,0.3194200396537781,0.3261508643627167,0.0926179140806198,0.3155253529548645,0.3166997134685516,0.0877077654004097,0.0045684296637773,0.3364408612251282,0.3441348671913147,0.0797862708568573,0.0065733045339584,32.18700004049484
20240314095013,0.086291030049324,0.9138748645782472,0.3351967930793762,0.2803430259227752,0.1037306636571884,0.3377262353897095,0.2797759771347046,0.0980609357357025,0.0009903740137815,0.3515172004699707,0.2891589403152466,0.0941525846719741,0.0046248361468315,23.537319644779643
20240314100013,0.083614245057106,0.9719831347465516,0.3735209703445434,0.21396104991436,0.1131158322095871,0.3778421282768249,0.2163470983505249,0.1121838986873626,0.0128676276654005,0.3895097374916076,0.2192046791315078,0.1056483834981918,0.0103239342570304,38.430236436999024
20240314101013,0.0968513637781143,1.0076805353164673,0.400037407875061,0.1685466319322586,0.1297238320112228,0.404724657535553,0.1730956882238388,0.1341170519590377,0.0365737900137901,0.4148288369178772,0.1702823489904403,0.1244686767458915,0.0308870449662208,80.94250470137044
20240314102013,0.1158743128180503,1.0046601295471191,0.4209033846855163,0.1353931874036789,0.1487670838832855,0.4240682125091553,0.1409371793270111,0.1565250754356384,0.0636133700609207,0.4351586699485779,0.1360251605510711,0.1385598182678222,0.0504548028111457,138.52613096900077
20240314103013,0.1370648443698883,0.9532028436660768,0.4335290193557739,0.1135590523481369,0.1670940816402435,0.4338115453720093,0.1188631355762481,0.1775770783424377,0.085627406835556,0.4480637311935425,0.1157547682523727,0.1512674838304519,0.0646034181118011,185.4937691081698
20240314104013,0.1576550155878067,0.9049644470214844,0.4313157200813293,0.1068942695856094,0.1783251166343689,0.4282096624374389,0.111234962940216,0.1915422528982162,0.0963961109519004,0.4466551542282104,0.1119520217180252,0.1627287417650222,0.07332593947649,203.72621198299956
20240314105013,0.1722882688045501,0.8900467157363892,0.4214175343513489,0.1069143414497375,0.1828887909650802,0.4149078726768493,0.1102126911282539,0.1988529711961746,0.0993003100156784,0.4378455877304077,0.1149046346545219,0.1717897951602935,0.0783906802535057,202.08863903281636
20240314110013,0.1816840171813964,0.8874540328979492,0.4085943102836609,0.1092503070831298,0.1838561743497848,0.3992664813995361,0.1116982102394104,0.2027391642332077,0.0991359576582908,0.4259775876998901,0.1195365563035011,0.1786049455404281,0.0804493203759193,191.9938511613066
20240314111013,0.1879965364933014,0.8853546977043152,0.3895116448402405,0.1171906739473342,0.1817347854375839,0.379224956035614,0.118257038295269,0.2027892619371414,0.0969762802124023,0.407496690750122,0.1288423240184784,0.1845780313014984,0.0785534605383873,176.49797908953647
20240314112013,0.1911441087722778,0.8822423219680786,0.3746417760848999,0.1226623207330703,0.1781390756368637,0.3636758923530578,0.1223221197724342,0.1999142915010452,0.0941150560975074,0.3930246233940124,0.1353448033332824,0.1874010562896728,0.0760190412402153,164.14843246708816
20240314113013,0.193529725074768,0.8762721419334412,0.3645931482315063,0.1256365478038787,0.1755286306142807,0.3530454039573669,0.1240938603878021,0.196924090385437,0.0920684933662414,0.3832083344459533,0.1390802711248397,0.1890905648469925,0.0742795020341873,157.58508935112334
20240314114013,0.196102499961853,0.8680397868156433,0.3581214547157287,0.126945286989212,0.1742034703493118,0.3460636734962463,0.1245035305619239,0.1945924907922744,0.090749904513359,0.3768393397331238,0.1409231722354889,0.1903773099184036,0.0733856931328773,155.15470073595978
20240314115013,0.1986664235591888,0.85932457447052,0.3537418842315674,0.1276883035898208,0.1736455261707306,0.3413294553756714,0.1246024146676063,0.1926905512809753,0.0897619128227233,0.3724613189697265,0.1419869214296341,0.191432848572731,0.0729212462902069,154.8266384804813
20240314120013,0.2008094191551208,0.8521444797515869,0.3503587245941162,0.1285336911678314,0.1733815521001815,0.3377737998962402,0.1248379573225975,0.1908019483089447,0.0889040455222129,0.3690440058708191,0.1430442929267883,0.1924323588609695,0.0725041329860687,155.54020105101714
20240314121013,0.2010914981365203,0.8471126556396484,0.3461006283760071,0.1312352865934372,0.1724178493022918,0.3339729309082031,0.1264527738094329,0.1877540946006775,0.088181734085083,0.3647048473358154,0.1457583457231521,0.1934495121240615,0.0709078684449195,156.58475556931174
20240314122013,0.2008016109466552,0.8446629643440247,0.3433921337127685,0.1328365206718444,0.1719125807285308,0.3315911889076233,0.1270762383937835,0.1853999644517898,0.0875099226832389,0.3619950413703918,0.1474709063768386,0.1940435022115707,0.069423109292984,157.74540076147096
20240314123013,0.1999393999576568,0.8451406955718994,0.3416967391967773,0.1336108893156051,0.1715271770954132,0.330122709274292,0.1269882321357727,0.1835301220417022,0.0868297964334487,0.3603754043579101,0.1484030485153198,0.1942584067583084,0.0680396482348442,158.45606466782263
20240314124013,0.1988281607627868,0.8475334644317627,0.3405494093894958,0.1340871453285217,0.1710908710956573,0.3290939331054687,0.1267265677452087,0.1820108294486999,0.0860680192708969,0.3593524098396301,0.1490649282932281,0.1941618025302887,0.0667694509029388,158.39788902709486
20240314125013,0.1975806951522827,0.850466251373291,0.339701235294342,0.134480208158493,0.1703395247459411,0.3282585740089416,0.126486450433731,0.1806113421916961,0.0851782709360122,0.3586557507514953,0.1496623754501342,0.1937758326530456,0.0656332969665527,157.28464612434814
20240314130013,0.1953807473182678,0.8545729517936707,0.3389576077461242,0.134940043091774,0.1690323799848556,0.327521800994873,0.1262921690940857,0.1790854632854461,0.0841317623853683,0.3581334948539734,0.1503443866968155,0.1928733140230178,0.0642717108130455,154.9156927338203
20240314131013,0.1948422491550445,0.8579486012458801,0.338326096534729,0.1346416473388672,0.1695250868797302,0.326869249343872,0.1257424056529998,0.1794421672821045,0.0842526778578758,0.3578131198883056,0.150003895163536,0.193860575556755,0.0642926692962646,155.2820308524803
20240314132013,0.1937235891819,0.8645827174186707,0.3375793695449829,0.1342055946588516,0.1703982800245285,0.3262731432914734,0.1249942630529403,0.1802475750446319,0.0845308527350425,0.3575681447982788,0.1494538635015487,0.1948745250701904,0.063934788107872,155.8964766288531
20240314133013,0.1923404335975647,0.8714097142219543,0.3368324637413025,0.1342640966176986,0.17070934176445,0.325732946395874,0.1246990859508514,0.1806381940841674,0.0843730121850967,0.3573265671730041,0.1494177728891372,0.1951637119054794,0.0632003769278526,155.2912148675738
20240314134013,0.1894651353359222,0.8783880472183228,0.3359776139259338,0.1349091380834579,0.1697152107954025,0.3251219987869262,0.1248455569148063,0.1802679449319839,0.0835883319377899,0.3570019602775574,0.1500526964664459,0.1941329687833786,0.0615973994135856,152.01952521102797
20240314135013,0.1839583814144134,0.8864448070526123,0.3348883390426636,0.1360799372196197,0.1671413034200668,0.3243506550788879,0.1252937167882919,0.1791424751281738,0.0822038128972053,0.3565396070480346,0.1513462513685226,0.1913165897130966,0.0584544464945793,145.39660791341956
20240314140013,0.1772702634334564,0.8951647281646729,0.3333134055137634,0.1375330090522766,0.1643437445163726,0.323194682598114,0.1260179281234741,0.1782322227954864,0.0810507163405418,0.3556115627288818,0.1529074013233184,0.1879474520683288,0.0545026287436485,138.19862295083172
20240314141013,0.1911031454801559,0.8820745944976807,0.3342633247375488,0.1370332390069961,0.1691120266914367,0.3238772749900818,0.1265864670276641,0.1796735823154449,0.081111691892147,0.3560021519660949,0.1517543792724609,0.1951258927583694,0.0625589787960052,147.12585322678765
20240314142013,0.2091729044914245,0.8771135210990906,0.3332274556159973,0.1374631375074386,0.1795157343149185,0.3231241106986999,0.1288813948631286,0.185768112540245,0.083598718047142,0.3546956181526184,0.1507905125617981,0.2060342282056808,0.0714681893587112,164.32772921778374
20240314143013,0.2201365530490875,0.8774433732032776,0.3319367170333862,0.1384082734584808,0.1873502880334854,0.3223111629486084,0.1311441659927368,0.1907381564378738,0.0854745879769325,0.3534035682678222,0.1507071405649185,0.2131342589855194,0.0761157274246215,176.23587453695805
20240314144013,0.219953715801239,0.8769860863685608,0.3313910961151123,0.1395750790834427,0.1863947659730911,0.3219777941703796,0.1323027163743972,0.1898854374885559,0.0843482539057731,0.3528796434402466,0.1517228484153747,0.2127109766006469,0.0758098363876342,173.51758852568028
20240314145013,0.2113576233386993,0.8755616545677185,0.3319297432899475,0.1401566565036773,0.1790408641099929,0.3224158883094787,0.1318291425704956,0.1848025470972061,0.0810258910059928,0.3535104990005493,0.1529634892940521,0.206569418311119,0.0719319134950637,160.20022918442353
20240314150013,0.203719288110733,0.8745227456092834,0.3325665593147278,0.1404059082269668,0.1728721112012863,0.3229859471321106,0.1311713755130767,0.1804795265197754,0.0780091807246208,0.3542415499687195,0.1538998633623123,0.2008602619171142,0.0681293010711669,148.6953278154315
20240314151013,0.2161438763141632,0.8721874952316284,0.3310818672180176,0.142039343714714,0.1807736158370971,0.3221321105957031,0.1343847662210464,0.1852152943611145,0.0796552374958992,0.352491021156311,0.1542416661977768,0.208510473370552,0.0732786059379577,160.756923316377
20240314152013,0.2267284393310547,0.8701621294021606,0.3294869661331177,0.14396633207798,0.1882598400115966,0.3212152123451233,0.1377435326576233,0.1898034214973449,0.0814131647348404,0.3506382703781128,0.1550339311361313,0.2152456194162368,0.0771793201565742,172.15399304773896
20240314153013,0.2321758568286895,0.8675603270530701,0.3284686803817749,0.1455141305923462,0.1919789016246795,0.320659339427948,0.1400694847106933,0.1919707059860229,0.0820718333125114,0.3494311571121216,0.1559737175703048,0.2185226827859878,0.0788395479321479,177.52189394038842
20240314154013,0.2328905165195465,0.8654910326004028,0.3284999132156372,0.1461275517940521,0.192267432808876,0.3208854794502258,0.1408250629901886,0.1920651793479919,0.0817148238420486,0.3494148850440979,0.1565000414848327,0.2188756912946701,0.0787798091769218,177.16467242684055
20240314155013,0.2290602326393127,0.865776777267456,0.3296017646789551,0.1453749686479568,0.1896548569202423,0.321851372718811,0.1395536661148071,0.1905548274517059,0.0805578380823135,0.3507124781608581,0.1562478989362716,0.2164591997861862,0.0770052075386047,171.8225482878635
20240314160013,0.2148176431655883,0.872624397277832,0.3320788145065307,0.1427428871393203,0.1804143637418747,0.3236493468284607,0.1350058317184448,0.1851152032613754,0.0773910582065582,0.3537357449531555,0.155361533164978,0.2069896310567855,0.0707419365644455,155.3380685726385
20240314161013,0.1867812871932983,0.8921443223953247,0.3321515917778015,0.1426123082637787,0.163095161318779,0.3235060572624206,0.1318684220314026,0.1748438328504562,0.0720104873180389,0.3540444374084472,0.1577177792787552,0.1867940723896026,0.0567906275391578,125.96435355068243
20240314162013,0.1804914474487304,0.8989584445953369,0.3305358290672302,0.1454355120658874,0.1582908779382705,0.3232180476188659,0.1348879337310791,0.1713812798261642,0.0693354755640029,0.3517221212387085,0.1599565893411636,0.1796872466802597,0.0518322139978408,117.22212790202323
20240314163013,0.1827958673238754,0.8960188031196594,0.3305888772010803,0.1467704772949218,0.1580569744110107,0.3239453434944153,0.1369606554508209,0.1700641512870788,0.0677709877490997,0.3510482311248779,0.1606166958808899,0.1787489652633667,0.0518695637583732,116.75279021934242
20240314164013,0.1854366809129715,0.8928375840187073,0.3310165405273437,0.1467888504266739,0.1588857322931289,0.3243611454963684,0.1373973041772842,0.1700446307659149,0.067655824124813,0.3511839509010315,0.1604288518428802,0.1796914041042328,0.0530412793159484,118.64434474389296
20240314165013,0.1896835714578628,0.8905826210975647,0.3321866393089294,0.1446184068918228,0.1627778857946396,0.324614405632019,0.1352858394384384,0.1732287406921386,0.0702541694045066,0.3528595566749573,0.1585764437913894,0.1847969144582748,0.0566062405705452,125.96410577608029
20240316090013,-0.0373934730887413,0.0360541306436061,0.1707335412502288,1.0014749765396118,-0.0065380446612834,0.1771188676357269,0.9978000521659852,-0.0045183971524238,-0.0167367625981569,0.1676956415176391,0.9965095520019532,0.0050024501979351,-0.0190490782260894,0.0
20240316091013,0.2485121786594391,0.1845321953296661,0.5042977333068848,0.2684678435325622,0.1933953762054443,0.4775444865226745,0.214881032705307,0.1129113435745239,0.002320559695363,0.5476902723312378,0.3271430730819702,0.2710556387901306,0.1945815086364746,227.1704172256215
20240316092013,0.1808614879846573,0.4435857534408569,0.4420079588890075,0.3096117675304413,0.0890304669737815,0.4335762858390808,0.271886795759201,0.0635842606425285,-0.0218742471188306,0.4713308811187744,0.3416844010353088,0.1523900628089904,0.0675330758094787,0.0
20240316093013,0.134846955537796,0.6852874755859375,0.4013524055480957,0.3060579001903534,0.0836193859577179,0.3879370093345642,0.2641916871070862,0.0692237839102745,-0.0029345396906137,0.432290256023407,0.3434805274009704,0.1234917566180229,0.0485646873712539,16.566096808070796
20240316094013,0.0875716581940651,0.8567878007888794,0.3765335083007812,0.2869910001754761,0.0779776871204376,0.3560305833816528,0.2481051087379455,0.088729441165924,0.0239714588969945,0.4107487797737121,0.3249843716621399,0.1120931208133697,0.0253221243619918,8.105566042476966
20240316095013,0.0641107186675071,0.9669845700263976,0.3412359356880188,0.2798247635364532,0.0792464762926101,0.319135308265686,0.2509153187274933,0.1109471172094345,0.0446185022592544,0.3729006052017212,0.3117131888866424,0.1076887995004654,0.003445565700531,3.457300542050831
20240316100013,0.066953107714653,1.0076812505722046,0.3299379348754883,0.2457457929849624,0.0958950594067573,0.3064154982566833,0.2180128991603851,0.1308037638664245,0.0520265847444534,0.3632552027702331,0.2797740399837494,0.120226502418518,0.0072099193930625,16.876237497683007
20240316101013,0.0826216638088226,0.9974827170372008,0.3203372359275818,0.2240197509527206,0.1096023470163345,0.3006590604782104,0.1982509791851043,0.1367053985595703,0.0505466386675834,0.3523555397987366,0.2555092871189117,0.1252245306968689,0.0068012252449989,35.24291808509591
20240316102013,0.1058177128434181,0.9356828927993774,0.3212663531303406,0.1926276534795761,0.1259681731462478,0.3081367015838623,0.1722943931818008,0.1436408758163452,0.0527399629354476,0.3488210439682007,0.2181564420461654,0.1290386617183685,0.009292148053646,67.35864386806836
20240316103013,0.1292281448841095,0.8914450407028198,0.3244692087173462,0.1699555963277816,0.1487234681844711,0.317241907119751,0.1574195623397827,0.1606236398220062,0.0634835511445999,0.3467913269996643,0.188106819987297,0.1402141749858856,0.0169920399785041,110.22747831610693
20240316104013,0.1488428711891174,0.904796540737152,0.319406509399414,0.1654738634824752,0.166645660996437,0.3160297274589538,0.1591345965862274,0.1765521764755249,0.0724714174866676,0.3380143642425537,0.1780419945716858,0.1493325531482696,0.0203578621149063,138.23201920720706
20240316105013,0.1676705479621887,0.9204259514808656,0.3172475695610046,0.1643164008855819,0.1754010021686554,0.3157402873039245,0.1612092554569244,0.1835672259330749,0.0747716501355171,0.3339780569076538,0.1745331734418869,0.1574726104736328,0.0257895663380622,148.7444590649799
20240316110013,0.1876948922872543,0.8946192860603333,0.3224833607673645,0.1624397337436676,0.1762930750846862,0.3224816918373108,0.1615920662879943,0.1814648509025573,0.0714627206325531,0.3371822834014892,0.1712245941162109,0.1612906008958816,0.0309896692633628,148.70442606376835
20240316111013,0.1959012448787689,0.8734787106513977,0.3243021965026855,0.156247079372406,0.1763616055250167,0.3224915266036987,0.1543128788471222,0.1824833154678344,0.0724876224994659,0.3400712013244629,0.1668249815702438,0.1626032143831253,0.0325495898723602,148.4994436115467
20240316112013,0.2072661519050598,0.837653398513794,0.3295238614082336,0.1533238142728805,0.176742821931839,0.3274804949760437,0.1520228385925293,0.1802982687950134,0.0709534063935279,0.3445512652397156,0.1638755053281784,0.1643999069929123,0.0361020117998123,151.16062924112535
20240316113013,0.2166348397731781,0.818527340888977,0.3349958062171936,0.1514918953180313,0.1785684376955032,0.3327527046203613,0.150950402021408,0.1784958988428115,0.0698517113924026,0.3492132425308227,0.1618066281080246,0.1670135408639907,0.039842315018177,157.20193636150069
20240316114013,0.2233283519744873,0.8161083459854126,0.3387719988822937,0.1508844345808029,0.1809050291776657,0.3361608386039734,0.150682657957077,0.1775726675987243,0.069357082247734,0.352533221244812,0.1612036377191543,0.1697167754173278,0.042782112956047,163.57894124926443
20240316115013,0.2282955944538116,0.8188900947570801,0.3409076333045959,0.1513819843530655,0.1831617504358291,0.3379450440406799,0.1512661129236221,0.1771341562271118,0.0691386759281158,0.3544161915779114,0.1617579311132431,0.1722311079502105,0.0449788123369216,169.11211371749883
20240316120013,0.2318465113639831,0.8215681314468384,0.3413499593734741,0.1525288969278335,0.1848560869693756,0.3381158709526062,0.1523665189743042,0.1768253296613693,0.0690023675560951,0.3547199964523315,0.1629002541303634,0.1742530465126037,0.0464935824275016,173.12247928431046
20240316121013,0.2378634810447693,0.8115978240966797,0.3415877223014831,0.1563865393400192,0.1871770769357681,0.3389238119125366,0.1568222641944885,0.1758336722850799,0.0676030740141868,0.3541680574417114,0.1657451093196869,0.1772819906473159,0.0484891310334205,177.265172494655
20240316122013,0.244241178035736,0.8013928532600403,0.3412098884582519,0.1597756445407867,0.1903217285871505,0.3390896320343017,0.1609030365943908,0.1758632957935333,0.0667585581541061,0.3531173467636108,0.1680261641740799,0.1812573224306106,0.0510464385151863,182.2412462912096
20240316123013,0.2490051984786987,0.7995738983154297,0.3391077518463135,0.1618752032518386,0.1930257230997085,0.3370439410209656,0.1633630990982055,0.1767043173313141,0.0664920806884765,0.3507837653160095,0.1694673001766204,0.1852673143148422,0.053763173520565,185.73377068548533
20240316124013,0.2512432336807251,0.8055745363235474,0.3358192443847656,0.162769004702568,0.1946415454149246,0.333376944065094,0.1642910540103912,0.1779258102178573,0.066765084862709,0.3476595282554626,0.1701574474573135,0.1886025816202163,0.0562408193945884,187.1305635855081
20240316125013,0.2516873180866241,0.8141165971755981,0.3325533270835876,0.1629829108715057,0.1950882077217102,0.3296027779579162,0.1643981337547302,0.1788612157106399,0.0671968087553978,0.3447088599205017,0.1703244298696518,0.191331148147583,0.0585685297846794,186.7780671403241
20240316130013,0.252353310585022,0.8212717771530151,0.3292368650436401,0.1636524051427841,0.1954773366451263,0.3259081840515136,0.1650130450725555,0.1798633337020874,0.067634679377079,0.3416862487792969,0.1707848012447357,0.194675013422966,0.0612432584166526,185.98169294996367
20240316131013,0.2679060399532318,0.8144428730010986,0.323630690574646,0.1688788831233978,0.2056558579206466,0.3209304213523865,0.1717766523361206,0.1863899528980255,0.0702428668737411,0.3355106711387634,0.174377828836441,0.2063320130109787,0.0676918178796768,199.72405165417152
20240316132013,0.2787733972072601,0.8142564296722412,0.3183512687683105,0.1719350665807724,0.211842879652977,0.3161864280700683,0.1766551733016967,0.1916364729404449,0.0742764472961425,0.3291248679161072,0.1760958582162857,0.2134890407323837,0.0729177594184875,210.67465909150613
20240316133013,0.2806304395198822,0.8113110065460205,0.3147608637809753,0.1728165596723556,0.2112099677324295,0.3127235174179077,0.1790414303541183,0.193579688668251,0.0784063041210174,0.324116587638855,0.1763246357440948,0.2148125022649765,0.0759443342685699,213.62086840101543
20240316134013,0.2764597535133362,0.8089261651039124,0.3134733140468597,0.1719670444726944,0.2084517627954483,0.3104562163352966,0.1781650185585022,0.1940485686063766,0.0818405374884605,0.322325050830841,0.1764280796051025,0.2144374996423721,0.0770644769072532,212.97321988600325
20240316135013,0.2695880830287933,0.8036503791809082,0.3131876587867737,0.1714144796133041,0.2044942528009414,0.3093424439430237,0.1773075461387634,0.1922433972358703,0.0834305435419082,0.3214327096939087,0.1768160015344619,0.2123622447252273,0.0763478204607963,210.34529686894942
20240316140013,0.2668423950672149,0.8070066571235657,0.3134508728981018,0.1702781468629837,0.2030799835920334,0.3089148998260498,0.1752611249685287,0.1927987337112426,0.0857239961624145,0.3223773837089538,0.1764927357435226,0.2136121392250061,0.0772783383727073,210.01723378845284
20240316141013,0.267670065164566,0.8012585043907166,0.3128625452518463,0.1715391427278518,0.2031676471233368,0.3094980120658874,0.1775586903095245,0.1914195120334625,0.0838855952024459,0.3210135698318481,0.1764178574085235,0.212628498673439,0.0769104063510894,209.81025031365542
20240316142013,0.2685926258563995,0.8007767200469971,0.3130428194999695,0.1714263707399368,0.2041862607002258,0.3102568387985229,0.1777958571910858,0.1916263252496719,0.0832793116569519,0.3213173151016235,0.1756002157926559,0.2133663594722747,0.0773647725582122,210.71795911873167
20240316143013,0.2686049342155456,0.8041181564331055,0.3139835000038147,0.1702098995447158,0.2052947431802749,0.3110938668251037,0.1761903166770935,0.1928517669439315,0.083927221596241,0.3230791687965393,0.1744896620512008,0.2152140587568283,0.0783628225326538,211.95072839020693
20240316144013,0.2674445807933807,0.8067330121994019,0.3148839175701141,0.1690479815006256,0.2056128233671188,0.3117523789405823,0.1746008694171905,0.1935687363147735,0.0845522582530975,0.3245602250099182,0.1736152172088623,0.2161453515291214,0.0788039416074752,212.33775954244723
20240316145013,0.2670023143291473,0.8054971694946289,0.3151246905326843,0.1687358319759369,0.2056454867124557,0.3121669292449951,0.1745397448539734,0.1934206336736679,0.0845724567770958,0.3244121074676513,0.1731238961219787,0.2157335132360458,0.0786209851503372,212.82022981146352
20240316150013,0.2675875425338745,0.80352783203125,0.3148871660232544,0.1688173860311508,0.2062513381242752,0.3122372627258301,0.1751252710819244,0.1934677809476852,0.0846378356218338,0.3234714865684509,0.1728549152612686,0.2154944241046905,0.0785610005259513,214.32498054030785
20240316151013,0.2691463530063629,0.8154410123825073,0.3153534233570099,0.166985884308815,0.2085558325052261,0.3119910955429077,0.1719941198825836,0.1967237144708633,0.0867711901664733,0.3261054158210754,0.1717826128005981,0.2201490551233291,0.0807051211595535,216.63923664552172
20240316152013,0.2690638303756714,0.8247944116592407,0.3162627816200256,0.1650547683238983,0.2101957648992538,0.3122522234916687,0.1687806844711303,0.1992712318897247,0.0883684828877449,0.3289150595664978,0.1705792844295501,0.2242020517587661,0.0825070068240165,217.80001511654578
20240316153013,0.2670316994190216,0.8314924240112305,0.3177019953727722,0.162954956293106,0.210491344332695,0.3131002187728882,0.1655192673206329,0.2006320208311081,0.0891885310411453,0.3318270444869995,0.1691760718822479,0.2266248017549514,0.0835145935416221,216.89588881496005
20240316154013,0.2638135552406311,0.8372589349746704,0.3192513287067413,0.1607200354337692,0.2099411785602569,0.3140732645988464,0.162180483341217,0.2012189328670501,0.0894612371921539,0.3346301913261413,0.1676350384950637,0.2278606742620468,0.0838741511106491,214.65183583698095
20240316155013,0.2563304901123047,0.8469962477684021,0.3221177458763122,0.1565048694610595,0.2076208144426345,0.3158605098724365,0.1559178531169891,0.2011658549308776,0.0890788286924362,0.3396507501602173,0.1647406071424484,0.2281694263219833,0.0833199545741081,208.223149843416
20240316160013,0.2356702089309692,0.8775817155838013,0.3279653787612915,0.1455444544553756,0.1999295204877853,0.3203438520431518,0.1402814537286758,0.2003807127475738,0.0872610360383987,0.3501707911491394,0.1562416851520538,0.2239530682563781,0.0781604424118995,187.7756825625742
20240316161013,0.2291666567325592,0.8834972977638245,0.3288182020187378,0.1440991014242172,0.1951452642679214,0.3214893341064453,0.1381475031375885,0.1976271867752075,0.0852633938193321,0.351098895072937,0.1550386697053909,0.2190766185522079,0.0752389356493949,178.67643872976672
20240316162013,0.2141931354999542,0.8872432708740234,0.330155074596405,0.1441307365894317,0.1817703694105148,0.3233057260513305,0.1370468735694885,0.1871556043624878,0.0780595988035202,0.351453959941864,0.1558424085378646,0.2046931385993957,0.0675701349973678,155.91446657966858
20240316163013,0.202150285243988,0.8868286609649658,0.3306830525398254,0.1457366198301315,0.1705410182476043,0.3241541385650635,0.1379287093877792,0.1778188496828079,0.0719280391931533,0.3508433699607849,0.1581475883722305,0.1922701299190521,0.0608881786465644,137.74499770841945
20240316164013,0.1947664022445678,0.888312041759491,0.3310319185256958,0.1461117416620254,0.1648835986852646,0.3243571519851684,0.1376730501651764,0.1737578809261322,0.069684237241745,0.350954532623291,0.1591595709323883,0.1862391382455825,0.0574168786406517,128.78279055638225
20240316165013,0.1927851438522339,0.890480101108551,0.331740140914917,0.1447044163942337,0.1648366898298263,0.3243433833122253,0.1357456743717193,0.1746047586202621,0.0709039345383644,0.3522630333900451,0.158355638384819,0.1869116276502609,0.0577526465058326,129.09741901603323
20240328090013,0.0357981845736503,0.0009280294179916,0.2528560161590576,0.9364530444145204,-0.0031824186444282,0.2577809989452362,0.9256855249404908,0.0066720843315124,0.0019170474261045,0.2586256265640259,0.9448041915893556,0.0005854405462741,0.0025449767708778,0.0
20240328091013,0.2129974663257599,0.1548949927091598,0.5111237168312073,0.3766185939311981,0.1490430533885955,0.4984940886497497,0.3358455896377563,0.1059088706970214,0.0159992445260286,0.5429991483688354,0.4226776957511902,0.1815227568149566,0.1132414266467094,163.37279770109458
20240328092013,0.1735524535179138,0.4205023646354675,0.4700542688369751,0.3146006762981415,0.0752584338188171,0.4723532199859619,0.2842867374420166,0.0666870474815368,-0.0091215502470731,0.4950575232505798,0.3381759524345398,0.1240731477737426,0.0380495600402355,0.0
20240328093013,0.1357149183750152,0.6585729122161865,0.4044506549835205,0.3137884736061096,0.0627714544534683,0.4003509283065796,0.276815801858902,0.0648991167545318,-0.0060453992336988,0.4336072206497192,0.3442117571830749,0.1027877926826477,0.0394821688532829,0.0
20240328094013,0.0927827879786491,0.8371426463127136,0.3846876621246338,0.2785187065601349,0.0674966722726821,0.3635616898536682,0.2325415313243866,0.0853123739361763,0.0147113408893346,0.4262216687202453,0.322332501411438,0.1144834533333778,0.0466218963265419,0.0
20240328095013,0.0738525837659835,0.940034568309784,0.3501531481742859,0.2747988998889923,0.0721249282360076,0.3244132995605469,0.23635333776474,0.1061856299638748,0.034458115696907,0.3904799818992615,0.3151186108589172,0.1161924451589584,0.024012379348278,0.0
20240328100013,0.0728238821029663,0.9816825985908508,0.3348338603973388,0.2519971430301666,0.0868809074163436,0.308534562587738,0.2189816534519195,0.1194340139627456,0.0406644344329834,0.3726396560668945,0.2904789447784424,0.1265953779220581,0.0207035169005393,0.0
20240328101013,0.0853125303983688,0.96898353099823,0.3156880140304565,0.2394769638776779,0.099276028573513,0.2943092882633209,0.2122469842433929,0.1231484860181808,0.0394836962223053,0.3487941026687622,0.2725556492805481,0.1240608543157577,0.0111072286963462,17.101106490155274
20240328102013,0.1015947088599205,0.9312138557434082,0.3099000453948974,0.2148169428110122,0.1157910972833633,0.2956142425537109,0.1937965452671051,0.1307096034288406,0.0426858514547348,0.3377658724784851,0.2411943078041076,0.1226962879300117,0.0058977380394935,50.201850376938836
20240328103013,0.1125228926539421,0.9196970462799072,0.3114930093288421,0.1934649050235748,0.1380740404129028,0.3038917779922485,0.1795980036258697,0.1483984738588333,0.055013969540596,0.334162175655365,0.2125365436077118,0.1284892410039901,0.0062444880604743,93.38527824253916
20240328104013,0.1177067905664444,0.932184875011444,0.310350090265274,0.1843576729297638,0.1547521948814392,0.3074172735214233,0.1755441725254058,0.1655571460723877,0.0663300231099128,0.329826295375824,0.1982189267873764,0.1334646791219711,0.0046222731471061,120.49532001932621
20240328105013,0.1223559379577636,0.9478539228439332,0.310440182685852,0.1783398538827896,0.1611283719539642,0.3102334141731262,0.1717906892299652,0.1748031675815582,0.0708295851945877,0.3287748694419861,0.1898576915264129,0.1361846774816513,0.0036598443984985,125.38885321871922
20240328110013,0.1296578049659729,0.9572501182556152,0.3133970201015472,0.1728134602308273,0.1587296575307846,0.3153616786003113,0.1675401926040649,0.1750287115573883,0.0687326788902282,0.3308193683624267,0.1829247176647186,0.1348140090703964,0.0034025609493255,115.81318642034725
20240328111013,0.138865441083908,0.9586143493652344,0.3179150223731994,0.1668164432048797,0.1536116302013397,0.3202238082885742,0.1614888906478881,0.1709154397249221,0.0641729980707168,0.3348931670188904,0.1771326214075088,0.1336034536361694,0.0055917799472808,103.82112947231045
20240328112013,0.1494177281856537,0.951453983783722,0.3233435153961181,0.1640209704637527,0.1490789651870727,0.3259716033935547,0.1590757071971893,0.1655253469944,0.0594258308410644,0.3393702507019043,0.1740373373031616,0.1339433640241623,0.0108272656798362,95.76053278369798
20240328113013,0.1585958003997802,0.939855456352234,0.3273853063583374,0.163370743393898,0.1462033092975616,0.3296098113059997,0.1583573222160339,0.1615854799747467,0.0563688054680824,0.3428907990455627,0.1735060960054397,0.1359100192785263,0.0164920762181282,91.39952333012278
20240328114013,0.1654466688632965,0.9280053377151488,0.329598069190979,0.1637280285358429,0.1443588584661483,0.33110111951828,0.158365249633789,0.1590358614921569,0.0545770227909088,0.3449538350105285,0.1741899698972702,0.138193666934967,0.0209731236100196,88.63522813095236
20240328115013,0.1703513860702514,0.9170727729797364,0.3306590318679809,0.1644609719514846,0.1426606476306915,0.3314529061317444,0.1587563753128051,0.1567669510841369,0.0531282648444175,0.3459388613700866,0.1752006709575653,0.1399961709976196,0.0243740528821945,86.19322174564368
20240328120013,0.1732435822486877,0.9076036214828492,0.3312979936599731,0.1649226695299148,0.1408661752939224,0.3313563466072082,0.1588951647281646,0.1546285152435302,0.0518916770815849,0.3465654253959656,0.1759236603975296,0.1412522792816162,0.026959128677845,83.65115341787774
20240328121013,0.1760617047548294,0.8894023299217224,0.3316859006881714,0.1672131121158599,0.1384507566690445,0.3313912153244018,0.1613433808088302,0.1508022844791412,0.0493416115641593,0.3463903069496155,0.1777908205986023,0.1417170763015747,0.0291470438241958,80.67796831767268
20240328122013,0.1766776442527771,0.870599627494812,0.3325614929199219,0.1682589501142501,0.1364126205444336,0.331519067287445,0.1622953414916992,0.1477653384208679,0.0474984422326087,0.3471085429191589,0.1787437796592712,0.1422365605831146,0.0308898612856864,78.26182140657855
20240328123013,0.1745894849300384,0.8596850037574768,0.3331660032272339,0.1678078919649124,0.1349995732307434,0.3309881687164306,0.1612840294837951,0.1463121473789215,0.0466455817222595,0.3481802344322204,0.1787810772657394,0.1429981291294098,0.0320925414562225,75.88080897848371
20240328124013,0.1719456613063812,0.8573608994483948,0.3332251906394958,0.1664054244756698,0.1346635371446609,0.3299415707588196,0.1591605544090271,0.1463983654975891,0.0467991903424263,0.3489519357681274,0.1780916452407837,0.1444328725337982,0.0331889912486076,74.73968963849867
20240328125013,0.1699536144733429,0.8591654300689697,0.3328771591186523,0.164809301495552,0.1351407468318939,0.3287212252616882,0.1569173634052276,0.1473295241594314,0.0475852191448211,0.3492667078971863,0.1771389991044998,0.1463837623596191,0.0343189239501953,74.95768574452458
20240328130013,0.1684480160474777,0.8609354496002197,0.3324604630470276,0.1633578389883041,0.1362552493810653,0.327557623386383,0.1548804938793182,0.1486835330724716,0.0487077385187149,0.3494927883148193,0.1762183457612991,0.1487566530704498,0.0353954136371612,76.38183758191818
20240328131013,0.1752961277961731,0.8509228229522705,0.3304841518402099,0.1625839322805404,0.1472250074148178,0.3242849707603454,0.1534658819437027,0.1570425480604171,0.0528773516416549,0.3492280840873718,0.1757336258888244,0.1607328653335571,0.039687268435955,91.17379415365318
20240328132013,0.215767502784729,0.837066650390625,0.3281518220901489,0.1598431169986724,0.1826797574758529,0.3213012218475342,0.1542565822601318,0.1813715100288391,0.0678632035851478,0.3479417562484741,0.1705670952796936,0.1961730867624282,0.0565369203686714,149.57218895787074
20240328133013,0.2760167717933655,0.8286335468292236,0.3195132613182068,0.1675729751586914,0.2122772932052612,0.3153595328330993,0.1696118414402008,0.1927143931388855,0.0770545303821563,0.3338832259178161,0.1742067188024521,0.2167748212814331,0.0734555348753929,213.75931570618187
20240328134013,0.2821565568447113,0.8360538482666016,0.3225393891334533,0.1632996797561645,0.21811144053936,0.3174610137939453,0.165008395910263,0.1974518150091171,0.0804208517074585,0.3374530673027038,0.1711091101169586,0.2195699959993362,0.0760392546653747,224.8494632746297
20240328135013,0.2820264101028442,0.8345857262611389,0.3218070268630981,0.1639678478240966,0.2178093343973159,0.3172483444213867,0.1663919389247894,0.1978980302810669,0.0814702063798904,0.3358957767486572,0.1711183935403823,0.2197219729423523,0.0770707502961158,225.593427427002
20240328140013,0.2809668481349945,0.8319798111915588,0.3204046487808227,0.1654132157564163,0.2166026383638382,0.316589891910553,0.1686508059501648,0.1976151764392852,0.0819406807422638,0.3336890339851379,0.1715840399265289,0.2198109477758407,0.0779046639800071,224.43323695241193
20240328141013,0.2812444865703583,0.8307716846466064,0.3179552555084228,0.1665053367614746,0.216135174036026,0.3146499395370483,0.1704220473766327,0.197744071483612,0.0825746953487396,0.3306030631065368,0.1719520837068557,0.2203047722578048,0.0784161239862442,224.21341777333433
20240328142013,0.279101550579071,0.8279464244842529,0.3162145316600799,0.1670481115579605,0.2147569209337234,0.3133220076560974,0.1714042723178863,0.1967610716819763,0.0823013111948967,0.3285057544708252,0.1719128936529159,0.219877228140831,0.0782974436879158,222.47395913706035
20240328143013,0.2760904729366302,0.8248944282531738,0.31570965051651,0.166188433766365,0.2138277739286422,0.3129218220710754,0.1708129644393921,0.1957818120718002,0.0817445293068885,0.327601671218872,0.1708332598209381,0.2186859399080276,0.0773729383945465,221.25132312899078
20240328144013,0.2751292586326599,0.8242343664169312,0.3155759572982788,0.1655413806438446,0.2138714045286178,0.3128255605697632,0.1702616512775421,0.1959225684404373,0.0820135623216629,0.3273685574531555,0.1700842976570129,0.2188546806573867,0.0774649307131767,221.56813000272692
20240328145013,0.2743058800697326,0.8252620697021484,0.3155104517936706,0.1650753170251846,0.2138848453760147,0.3126156330108642,0.1696303039789199,0.1964619159698486,0.0826944410800933,0.3275602459907532,0.1696941554546356,0.2196374684572219,0.0780205950140953,221.74874168645127
20240328150013,0.2716133892536163,0.8272051811218262,0.3159152269363403,0.1641528904438018,0.2130069881677627,0.3125064969062805,0.1680295616388321,0.1966664046049118,0.0832262560725212,0.3287405967712402,0.1692256331443786,0.2205017954111099,0.0785816982388496,220.1414715485677
20240328151013,0.2651598453521728,0.8298225998878479,0.3174174726009369,0.1618828177452087,0.2103444188833236,0.3130545616149902,0.1643338203430175,0.1961021423339843,0.0831336975097656,0.3317852020263672,0.1678645759820938,0.2213559001684188,0.0789227113127708,214.51134113525225
20240328152013,0.2550152838230133,0.8384925127029419,0.3213488459587097,0.1564932167530059,0.2064307779073715,0.3152387142181396,0.1562823951244354,0.1959684193134308,0.083074539899826,0.3384544253349304,0.1643681675195694,0.2225376963615417,0.0790971741080284,204.88865638967937
20240328153013,0.2421268820762634,0.8543108105659485,0.3265410661697387,0.1490811854600906,0.2017109245061874,0.3186591863632202,0.1456705927848816,0.1965733468532562,0.083557978272438,0.3466898798942566,0.1592467278242111,0.2224184721708297,0.0780714079737663,192.92353330055485
20240328154013,0.2261297404766082,0.877306342124939,0.3296440243721008,0.1427490264177322,0.1950134187936782,0.3209623098373413,0.1363362818956375,0.1968669444322586,0.0845369026064872,0.3521133661270141,0.1547726690769195,0.2180077135562896,0.0737643837928772,178.21370332901077
20240328155013,0.2119702100753784,0.8901223540306091,0.3295177817344665,0.1426929235458374,0.1837372332811355,0.3224547505378723,0.135116159915924,0.1903112977743148,0.0801789760589599,0.3515425324440002,0.1546631008386612,0.2061216682195663,0.066533587872982,157.61755774495535
20240328160013,0.2012245655059814,0.8850602507591248,0.3296120762825012,0.147454097867012,0.1701034009456634,0.3239702582359314,0.1398805677890777,0.1772449910640716,0.0705368667840957,0.3493480086326599,0.1592948883771896,0.1902530044317245,0.058574691414833,135.24187470686982
20240328161013,0.1954282522201538,0.8857355713844299,0.3299124836921692,0.1480459421873092,0.1648518741130828,0.3242775201797485,0.1400596797466278,0.1732142865657806,0.0682099908590316,0.3492429256439209,0.1603655070066452,0.1847308725118637,0.0558080747723579,127.11636579529468
20240328162013,0.1904702335596084,0.8874032497406006,0.3301233053207397,0.1484054327011108,0.1610182821750641,0.3244100213050842,0.1399956941604614,0.1704874187707901,0.0667971447110176,0.3493155241012573,0.1611606925725937,0.1807216107845306,0.0535874813795089,121.21875138402837
20240328163013,0.1890473663806915,0.8883710503578186,0.3304598331451416,0.1480090171098709,0.1601957529783249,0.3245275616645813,0.1393909752368927,0.1700698733329773,0.0668299421668052,0.349784791469574,0.1610013842582702,0.1801114231348037,0.0533122941851615,120.21235390089478
20240328164013,0.1887756437063217,0.8891869783401489,0.3309473395347595,0.1471773087978363,0.1604514867067337,0.3245595097541809,0.1383499801158905,0.1705480068922042,0.0675727650523185,0.3505699038505554,0.1604811251163482,0.1808565557003021,0.053967997431755,121.2005446896516
20240328165013,0.1888391971588134,0.8916543126106262,0.3317536115646362,0.1451654136180877,0.1621501147747039,0.3244946599006653,0.135926216840744,0.1727640628814697,0.0697919502854347,0.3521477580070495,0.1590155065059662,0.1835877150297165,0.0556299090385437,124.62603292952363
20240412090013,0.0139997228980064,-0.0138552263379096,0.3227394819259643,0.9707368612289428,0.0012360252439975,0.3314466476440429,0.962027668952942,0.0059862658381462,-0.0084683168679475,0.3239023089408874,0.9723918437957764,0.0018942505121231,-0.0152739733457565,0.0
20240412091013,0.2101956605911255,0.1200267523527145,0.5950189828872681,0.3860910534858703,0.145473837852478,0.5784680247306824,0.341562271118164,0.1074086129665374,0.0125499200075864,0.6298226714134216,0.4379328489303589,0.1562169194221496,0.0734119340777397,143.40750623923995
20240412092013,0.1476297378540039,0.4348139762878418,0.5469788908958435,0.314852237701416,0.0711850076913833,0.5477598905563354,0.285931795835495,0.0680517107248306,-0.0016019511967897,0.5726851224899292,0.3385830521583557,0.1067534387111663,0.0199620742350816,0.0
20240412093013,0.107984147965908,0.6757810115814209,0.4441868662834167,0.3532062470912933,0.0502969734370708,0.4399744272232055,0.3189561367034912,0.0587354078888893,-0.0031650159507989,0.4725947380065918,0.3811352252960205,0.080781489610672,0.0267232432961463,0.0
20240412094013,0.0778342857956886,0.8314307928085327,0.4216814637184143,0.3018305599689483,0.0587903037667274,0.396696925163269,0.2516922354698181,0.077258713543415,0.0057963114231824,0.4671807885169983,0.3506193459033966,0.1084935218095779,0.0578187480568885,0.0
20240412095013,0.0715397223830223,0.9257515072822572,0.3958768844604492,0.2707080543041229,0.0634795501828193,0.3616129159927368,0.2214430570602417,0.0987767875194549,0.0195807423442602,0.4449869394302368,0.3243102431297302,0.1143037378787994,0.0431511998176574,0.0
20240412100013,0.0782721787691116,0.97260582447052,0.3707008957862854,0.2535404562950134,0.0762685388326644,0.3401569128036499,0.2168008089065551,0.1102446913719177,0.0287868808954954,0.4116232395172119,0.2981458604335785,0.1162449270486831,0.026793248951435,0.0
20240412101013,0.0923081263899803,0.9706677794456482,0.3465666174888611,0.2429118156433105,0.092442438006401,0.3237401843070984,0.2176713347434997,0.1160779297351837,0.0322956964373588,0.3787769675254822,0.2768312096595764,0.1172577142715454,0.0193336382508277,5.879378998044928
20240412102013,0.1046812459826469,0.9458366632461548,0.3338857889175415,0.225618228316307,0.105303019285202,0.3195806741714477,0.208835482597351,0.1217002049088478,0.0355142056941986,0.3596291542053222,0.2501173019409179,0.1154591590166091,0.0129422843456268,34.13009473884961
20240412103013,0.1102591380476951,0.9351511001586914,0.3273591995239258,0.2106562852859497,0.1220994889736175,0.3198320865631103,0.1999492645263672,0.1345463544130325,0.0442055836319923,0.3483713865280151,0.2281498908996582,0.1201607957482338,0.0119893699884414,66.43790273756724
20240412104013,0.1106275618076324,0.9403902888298036,0.3192991614341736,0.2032510489225387,0.1356382220983505,0.3154836893081665,0.1954291462898254,0.1487462669610977,0.053594172000885,0.3380175232887268,0.2172495424747467,0.1253148168325424,0.009916216135025,87.5988815697215
20240412105013,0.1101211309432983,0.9513423442840576,0.3140010237693786,0.195207342505455,0.1417467892169952,0.3115600347518921,0.187766283750534,0.1587957143783569,0.0595494732260704,0.3324959278106689,0.2085453420877456,0.1277579963207245,0.0065422430634498,92.03110355347977
20240412110013,0.1133059337735176,0.9606441259384156,0.3135591149330139,0.1861625164747238,0.1412716507911682,0.3124118447303772,0.1787434518337249,0.1621694266796112,0.060352936387062,0.3319199085235595,0.1991992890834808,0.1265783458948135,0.0031975209712982,85.03189929367332
20240412111013,0.1200502812862396,0.965479612350464,0.3180880546569824,0.1766066700220108,0.1376398801803589,0.3175359964370727,0.1689843535423278,0.1623608320951461,0.0592842772603035,0.3366624116897583,0.1899070888757705,0.1247823387384414,0.004340536892414,74.76309137275618
20240412112013,0.1285585463047027,0.9631223678588868,0.3242794275283813,0.169943481683731,0.1337174922227859,0.3244329690933227,0.1624622941017151,0.1592412292957306,0.0564444661140441,0.3423753380775451,0.1829701364040374,0.1240851283073425,0.0076615214347839,67.07348220271498
20240412113013,0.1368324160575866,0.9546809792518616,0.3292099237442016,0.1659867316484451,0.1314579844474792,0.3293464779853821,0.1583335846662521,0.1564198732376098,0.05446108430624,0.3469917178153991,0.1790454238653183,0.1253899335861206,0.0119824334979057,63.887112945053815
20240412114013,0.1439747512340545,0.9421018958091736,0.3323796987533569,0.1645043045282364,0.1303160190582275,0.3320705890655517,0.1565470993518829,0.1541536748409271,0.0531505346298217,0.3499988317489624,0.1777038723230362,0.1276416629552841,0.0162054896354675,63.18662226629144
20240412115013,0.1496081799268722,0.9244058132171632,0.3342881798744201,0.1656649261713028,0.1285564601421356,0.3334303498268127,0.1574685275554657,0.150716632604599,0.0512022748589515,0.3516467213630676,0.17881940305233,0.1290627866983413,0.0196393951773643,62.202143008685795
20240412120013,0.1538964360952377,0.8987868428230286,0.3346349000930786,0.1697624325752258,0.1262570023536682,0.333242118358612,0.1615824699401855,0.1453607231378555,0.0482491254806518,0.3514225482940674,0.182454839348793,0.1294983327388763,0.0217715725302696,61.81707671789255
20240412121013,0.1549625098705291,0.8888041973114014,0.3341794013977051,0.1702696830034256,0.1248123794794082,0.3320515155792236,0.161770761013031,0.143225148320198,0.0467052832245826,0.3509957790374756,0.1831320226192474,0.1305354237556457,0.0235116705298423,59.41059225095765
20240412122013,0.1546377837657928,0.864983320236206,0.3335098028182983,0.1732086092233657,0.1225121915340423,0.3302644491195678,0.1642773300409317,0.1390347182750702,0.0442674607038497,0.3504102230072021,0.1862033158540725,0.1305551528930664,0.0244146436452865,57.45365458326532
20240412123013,0.1546643674373626,0.8422404527664185,0.3324691653251648,0.1750337034463882,0.1227082312107086,0.3278467059135437,0.1654443144798278,0.137381762266159,0.0430729091167449,0.3498894572257995,0.1884384453296661,0.132607415318489,0.0256901234388351,58.30979558142482
20240412124013,0.1572072803974151,0.831767201423645,0.3314074873924255,0.1740520894527435,0.1269067376852035,0.3256803750991821,0.1639104932546615,0.1400074064731598,0.044289655983448,0.3495371341705322,0.187875434756279,0.1380302608013153,0.028100810945034,64.18255549038938
20240412125013,0.1636924147605896,0.82655268907547,0.3306400179862976,0.1716439872980117,0.1351779997348785,0.3240604996681213,0.1612826287746429,0.1459928154945373,0.0475133508443832,0.3495844602584839,0.1856292933225631,0.1467501670122146,0.0316815376281738,76.36815129147024
20240412130013,0.2388158142566681,0.7738271951675415,0.3330709934234619,0.1714552044868469,0.1827117353677749,0.3283676505088806,0.1704440116882324,0.1691332757472992,0.061802715063095,0.347405731678009,0.1798859685659408,0.1867804825305938,0.0558019801974296,165.76723375051952
20240412131013,0.267738789319992,0.7756516933441162,0.346022367477417,0.1631049364805221,0.2083399593830108,0.3414556384086609,0.1649607419967651,0.1807353049516677,0.0680815503001213,0.3590210080146789,0.1719251871109008,0.2044781595468521,0.0677908211946487,213.84286365989354
20240412132013,0.2761459946632385,0.8086277842521667,0.3415647149085998,0.1577196270227432,0.2173696458339691,0.3329493403434753,0.156499832868576,0.1933515965938568,0.0762048661708831,0.3590179085731506,0.1703219711780548,0.2144297808408737,0.0751966908574104,225.25280058557988
20240412133013,0.2812103927135467,0.8257527351379395,0.3339680433273315,0.1589923352003097,0.2197654098272323,0.3263583183288574,0.1582561433315277,0.1977044939994812,0.0802003443241119,0.3513931632041931,0.1702841520309448,0.2193002104759216,0.0780138820409774,229.03023850001924
20240412134013,0.2825108170509338,0.8330504894256592,0.3290091156959533,0.1608877629041671,0.2194197028875351,0.3227865099906921,0.1611778140068054,0.1984397321939468,0.0815540924668312,0.3455834984779358,0.1704180687665939,0.2209159284830093,0.0787891000509262,228.91255846227628
20240412135013,0.282366931438446,0.8363588452339172,0.325642466545105,0.1622852236032486,0.2187434881925583,0.3203899264335632,0.1633641272783279,0.1987428218126297,0.0824380218982696,0.3415673971176147,0.1705045104026794,0.2220754027366638,0.079408548772335,228.09870850636176
20240412140013,0.281326413154602,0.8381736874580383,0.3230250477790832,0.1633189618587494,0.217842623591423,0.3182969093322754,0.1648073196411132,0.1989190727472305,0.083130843937397,0.3386991024017334,0.1707210093736648,0.2230912894010543,0.0799231976270675,226.6604005773793
20240412141013,0.2827932834625244,0.8355610370635986,0.3217949867248535,0.1643191576004028,0.2186256051063537,0.3177242875099182,0.1669116616249084,0.1994142830371856,0.0834981650114059,0.3361822366714477,0.1708534508943557,0.2230274528264999,0.0801279991865158,228.31781080992633
20240412142013,0.2844719886779785,0.8331708908081055,0.3205369710922241,0.1645986586809158,0.2195679396390915,0.317106544971466,0.1681219041347503,0.1997420638799667,0.0835421904921531,0.3340117335319519,0.1703443825244903,0.223148226737976,0.0803022161126136,230.04653760140152
20240412143013,0.2846245467662811,0.8313312530517578,0.3195301294326782,0.1640836149454116,0.2200617492198944,0.3165957331657409,0.1683530956506729,0.1997903883457183,0.0835331976413726,0.3322862386703491,0.169199600815773,0.2229567170143127,0.0801094993948936,231.14337558069374
20240412144013,0.2833128869533539,0.8295490741729736,0.3187542557716369,0.163338765501976,0.2201021313667297,0.3160827159881592,0.1680950820446014,0.1996986269950866,0.083635926246643,0.3309719562530517,0.1680428832769394,0.2225793153047561,0.0795773565769195,231.5491553298289
20240412145013,0.2803899943828583,0.8292661905288696,0.3175182938575744,0.1636275202035904,0.2185394018888473,0.314726710319519,0.1682838201522827,0.1991933584213256,0.0838852375745773,0.3297771215438843,0.1683182567358017,0.2221682667732238,0.0792722851037979,229.2947952067714
20240412150013,0.2748861312866211,0.8297410607337952,0.3169909119606018,0.1633248776197433,0.2156354933977127,0.3135770559310913,0.1671859622001648,0.1980767697095871,0.0838367193937301,0.3299705982208252,0.1685245037078857,0.2216740697622299,0.0790224894881248,224.54269999482725
20240412151013,0.2704328596591949,0.8295581936836243,0.3168621361255646,0.162608116865158,0.2135009914636612,0.3132284283638,0.1659750342369079,0.1967611312866211,0.0830215662717819,0.3303350806236267,0.1679775267839431,0.2210309952497482,0.0784717127680778,220.56513867897357
20240412152013,0.2597425580024719,0.8331647515296936,0.3193075954914093,0.1589456349611282,0.2085026800632476,0.3141353130340576,0.1601161360740661,0.1950258016586303,0.0821195468306541,0.3349045515060425,0.1658465415239334,0.2205911576747894,0.0779902562499046,210.30066380306087
20240412153013,0.2461356818675995,0.8454282879829407,0.3245922327041626,0.1517780572175979,0.20293889939785,0.3172101378440857,0.1495732367038726,0.1950279474258422,0.0824278816580772,0.3434421420097351,0.1611661612987518,0.2211372703313827,0.0777369290590286,197.1671126238904
20240412154013,0.2269136607646942,0.871250331401825,0.3296151757240295,0.1433341801166534,0.1952945739030838,0.3205575942993164,0.1371385753154754,0.1958679854869842,0.0838435292243957,0.3518015742301941,0.1554503291845321,0.2178330868482589,0.0738654285669326,179.60222295469285
20240412155013,0.2103821039199829,0.8904204368591309,0.3297501802444458,0.1416497826576233,0.1842139363288879,0.3219613432884216,0.1336851716041565,0.1912464797496795,0.0813270509243011,0.3521910905838012,0.1541298180818557,0.206932708621025,0.0664899796247482,158.74309750711475
20240412160013,0.2031743824481964,0.8833200335502625,0.3301864862442016,0.1461746245622635,0.1720689535140991,0.3238384127616882,0.1385256499052047,0.1788169294595718,0.0719248056411743,0.3502965569496155,0.1582859307527542,0.1931127905845642,0.0603781715035438,139.01863086804966
20240412161013,0.1978161334991455,0.8844841718673706,0.3305500149726867,0.1463682055473327,0.1675488352775573,0.324136734008789,0.1382233053445816,0.1755834221839904,0.0701265782117843,0.3504189848899841,0.1590313762426376,0.1884229630231857,0.0580841824412345,131.93816663120745
20240412162013,0.1947826445102691,0.885714590549469,0.3309861421585083,0.1462058871984481,0.1652407348155975,0.3243993520736694,0.1377520859241485,0.1739743798971176,0.0694400295615196,0.3508135676383972,0.1592566668987274,0.1861037611961364,0.0569721385836601,128.65951864835827
20240412163013,0.1917138993740081,0.8876814842224121,0.3311918973922729,0.1461597979068756,0.1630653440952301,0.3245010375976562,0.1374114453792572,0.1725946366786956,0.0689037218689918,0.3510275483131408,0.1595090180635452,0.1839199811220169,0.0557985082268714,125.47627871557691
20240412164013,0.1897625625133514,0.8895398378372192,0.3314601182937622,0.1457983255386352,0.1619637459516525,0.324504554271698,0.1367804408073425,0.1720874011516571,0.0690014511346817,0.3514571189880371,0.1594519615173339,0.1830439269542694,0.0553784742951393,124.13998155087054
20240412165013,0.1900936961174011,0.8912457823753357,0.3320960402488708,0.1443888396024704,0.1634223014116287,0.3244706392288208,0.1350935250520706,0.173855647444725,0.0707198828458786,0.3526935577392578,0.1584246456623077,0.1853325366973877,0.0568070411682128,127.02754704128031
20240619090013,-0.0014629438519477,1.3925135135650636e-05,0.4006748795509338,0.7466901540756226,0.050210528075695,0.4236211776733398,0.7462071776390076,0.0371009483933448,-0.0093616265803575,0.3909151554107666,0.7416156530380249,0.0565501451492309,-0.0045751333236694,0.0
20240619091013,0.1555280685424804,0.1780803501605987,0.5480427145957947,0.4026143848896026,0.1897328197956085,0.5262287855148315,0.363752543926239,0.1220260635018348,0.0097112841904163,0.5829470157623291,0.4490780830383301,0.2002342194318771,0.0588582269847393,157.4728697633203
20240619092013,0.0957137420773506,0.415838360786438,0.4953190088272095,0.3895783722400665,0.1158751547336578,0.4903571009635925,0.3653538227081299,0.0917034149169921,0.0029375497251749,0.5200609564781189,0.4097976088523865,0.1518335938453674,0.0240968484431505,25.660323023353556
20240619093013,0.0782775580883026,0.6240285038948059,0.4718465805053711,0.3381905257701874,0.0902512371540069,0.4651796817779541,0.3067464828491211,0.0804284960031509,0.0025736596435308,0.5022697448730469,0.3618842363357544,0.1287393271923065,0.0414183475077152,13.661673515653064
20240619094013,0.059901587665081,0.803672194480896,0.4516704678535461,0.2959830462932586,0.0829692333936691,0.433614432811737,0.2517119348049164,0.0830873697996139,0.0115047898143529,0.4940484166145324,0.3331432342529297,0.134557768702507,0.0736648887395858,18.71811510895165
20240619095013,0.0231098160147666,0.9138646125793456,0.4075778126716614,0.3049743175506592,0.0630097389221191,0.3848466277122497,0.2649708390235901,0.0708131715655326,0.0178709980100393,0.4503339529037475,0.3408504426479339,0.1066057980060577,0.0558703318238258,10.820761984900201
20240619100013,0.0118249878287315,0.958931565284729,0.4062638878822326,0.2664755582809448,0.0555422119796276,0.3769459128379822,0.231277197599411,0.0647075325250625,0.01774094812572,0.4499605298042297,0.3037526607513428,0.0960709750652313,0.0433636978268623,4.254946393620941
20240619101013,0.0113892406225204,0.9619781374931335,0.403207778930664,0.2336969524621963,0.0527478829026222,0.3731576800346374,0.2079637348651886,0.0648187547922134,0.0185627024620771,0.4433112740516662,0.2646904587745666,0.0822511315345764,0.0300845578312873,2.6837543386223075
20240619102013,0.0224841088056564,0.9521444439888,0.3939240574836731,0.2115675956010818,0.0581624396145343,0.3690769672393799,0.1942778527736663,0.0757960304617881,0.0249810274690389,0.4283076524734497,0.233988881111145,0.0729736015200614,0.0213820114731788,10.972295838747655
20240619103013,0.0360644832253456,0.9476276636123656,0.3764083981513977,0.2053399980068206,0.0720828473567962,0.35920250415802,0.1937264204025268,0.0967479348182678,0.0373757854104042,0.4046367406845093,0.2210650891065597,0.0709641724824905,0.0122928842902183,28.19698881224099
20240619104013,0.0474276468157768,0.9479740858078004,0.3597285747528076,0.2050645649433136,0.0883025377988815,0.3496995568275451,0.1968092620372772,0.1164240092039108,0.0480045974254608,0.382492184638977,0.216660737991333,0.0742060542106628,0.0022447630763053,46.480728992645794
20240619105013,0.0575422197580337,0.946211576461792,0.3525658845901489,0.200774535536766,0.1021183282136917,0.3475615382194519,0.1941334307193756,0.1287392526865005,0.0532635524868965,0.3714810609817505,0.2105066925287246,0.0809496790170669,-0.0044936016201972,61.33053367135042
20240619110013,0.0729483366012573,0.9282014966011048,0.3534916043281555,0.1932123750448227,0.1140320152044296,0.3515540361404419,0.18722003698349,0.1352830082178115,0.0552932098507881,0.3701506853103637,0.2023558318614959,0.0906477347016334,-0.0046879649162292,76.91791989016704
20240619111013,0.0958895087242126,0.8895585536956787,0.3547736406326294,0.1869682818651199,0.1234565526247024,0.3557388186454773,0.1818122863769531,0.1390384137630462,0.0542325973510742,0.369955837726593,0.1953111141920089,0.101226195693016,-0.0004735887050628,87.135385720991
20240619112013,0.1174134612083435,0.8615438938140869,0.3514531850814819,0.1836692243814468,0.1279660165309906,0.3556401133537292,0.1794531643390655,0.1394920796155929,0.0498992800712585,0.3653117418289184,0.1907064169645309,0.1085673421621322,0.0029446631669998,86.78946502122497
20240619113013,0.133450299501419,0.8559816479682922,0.3461783528327942,0.1841417104005813,0.1291383802890777,0.3523538708686828,0.1803275048732757,0.1379233449697494,0.0460421442985534,0.3591645359992981,0.1902424544095993,0.1145175471901893,0.0069256648421287,83.51812635493107
20240619114013,0.1561713218688964,0.811808705329895,0.3467071652412414,0.1887509524822235,0.1343849748373031,0.3529355525970459,0.1864899396896362,0.1383233219385147,0.0450504273176193,0.3587725758552551,0.1939142644405365,0.1248846054077148,0.0164077505469322,91.80687613416708
20240619115013,0.1875969022512436,0.747931957244873,0.3558169603347778,0.191764548420906,0.1457442194223404,0.3612275123596191,0.1922042965888977,0.1408634930849075,0.0458171665668487,0.3667734861373901,0.1961782723665237,0.141342431306839,0.0309944525361061,113.34456784720496
20240619120013,0.2104259133338928,0.7294491529464722,0.3650367259979248,0.1908211261034011,0.1574521213769912,0.369037389755249,0.19257253408432,0.1440910100936889,0.0476482063531875,0.3755531907081604,0.1962923556566238,0.1565843969583511,0.0436483658850193,136.39043211355877
20240619121013,0.2193181812763214,0.7345833778381348,0.3640391230583191,0.1896279007196426,0.1612889468669891,0.3682640790939331,0.1920227110385894,0.145241230726242,0.0483294129371643,0.3738048672676086,0.1949839144945144,0.1623255610466003,0.0473108142614364,143.0657529124948
20240619122013,0.2276859879493713,0.7390303611755371,0.3628227710723877,0.1880486756563186,0.1657474935054779,0.3672909736633301,0.1910948753356933,0.1471029222011566,0.0494818165898323,0.3718298077583313,0.1931933015584945,0.168334424495697,0.0510763972997665,150.75632093702237
20240619123013,0.2346090674400329,0.7399500608444214,0.3605270385742187,0.1862532049417495,0.1700481325387954,0.3651285767555237,0.1899398267269134,0.1492445617914199,0.050758920609951,0.3687872886657715,0.1909872889518737,0.1734325140714645,0.0538006424903869,157.8505252222416
20240619124013,0.2403020858764648,0.738013744354248,0.3577582836151123,0.1838690042495727,0.1744887381792068,0.3621089458465576,0.1880238950252533,0.1519083827733993,0.0522539690136909,0.3655546903610229,0.1882669925689697,0.1778498739004135,0.0557439886033535,164.82673156866966
20240619125013,0.2454669773578643,0.7376811504364014,0.3546797633171081,0.1809358149766922,0.1795156449079513,0.3583627939224243,0.1853959262371063,0.1553513556718826,0.0542083978652954,0.3623668551445007,0.1851689219474792,0.182271659374237,0.0574720948934555,172.59909399499148
20240619130013,0.2497776746749878,0.7400424480438232,0.3512910008430481,0.1773226112127304,0.184954285621643,0.3537651896476745,0.1818114221096038,0.1597637236118316,0.0568028464913368,0.3593860268592834,0.1817758977413177,0.1866896599531173,0.059238389134407,180.84837447101634
20240619131013,0.2573955655097961,0.7544425129890442,0.3466203212738037,0.1716618835926056,0.1948000490665435,0.3472748398780823,0.1757386922836303,0.1694935262203216,0.0625549703836441,0.3565949201583862,0.1765836626291275,0.1953873187303543,0.0641469731926918,195.14294105631066
20240619132013,0.2648185789585113,0.7884124517440796,0.3375203609466553,0.1669534146785736,0.2038052231073379,0.3362197279930115,0.1700479537248611,0.1812054067850113,0.0704875811934471,0.350440502166748,0.1721584349870681,0.205743059515953,0.0695651322603225,207.0194831158514
20240619133013,0.266595184803009,0.8148221373558044,0.3314533829689026,0.1635455340147018,0.2075689285993576,0.3284302353858948,0.165154755115509,0.188041478395462,0.0756847634911537,0.3468191623687744,0.169670894742012,0.2129566222429275,0.0728589668869972,210.7860768231118
20240619134013,0.2673546373844147,0.8301346898078918,0.3284926414489746,0.1612174957990646,0.2098821252584457,0.324467122554779,0.1617725193500518,0.1923459619283676,0.079043298959732,0.3454044461250305,0.168027177453041,0.2182459235191345,0.075468860566616,213.0818686502171
20240619135013,0.267280101776123,0.8398553133010864,0.3267794847488403,0.1594846695661544,0.2112362533807754,0.3222175240516662,0.1593303084373474,0.1952706426382064,0.0813527628779411,0.3446912169456482,0.166670486330986,0.2220634371042251,0.0774833485484123,214.21376234123036
20240619140013,0.2675175964832306,0.845197319984436,0.3255472183227539,0.1585773676633834,0.2121350020170211,0.3207017183303833,0.1580114066600799,0.1971113532781601,0.0826998800039291,0.3440049886703491,0.165959283709526,0.224689319729805,0.0789232105016708,214.8134554432019
20240619141013,0.2566232979297638,0.8437651991844177,0.3259490728378296,0.1571047455072403,0.2068527340888977,0.3204919099807739,0.1559731364250183,0.1943866312503814,0.0809149593114852,0.3443899750709533,0.1648721247911453,0.2212331146001815,0.0763521119952201,204.44180342220832
20240619142013,0.2377654910087585,0.8451221585273743,0.3289348483085632,0.1522992998361587,0.1983150988817215,0.321856141090393,0.1490189731121063,0.1912333667278289,0.0790641605854034,0.3486146330833435,0.161944180727005,0.2146902829408645,0.0714478120207786,187.30885522229315
20240619143013,0.2181007862091064,0.8547069430351257,0.330887496471405,0.1477739065885543,0.190423384308815,0.3219556808471679,0.1414547562599182,0.1895335465669632,0.0786566510796547,0.3525035381317138,0.1600054800510406,0.2078317999839782,0.0656106621026992,171.34544231772955
20240619144013,0.2014375030994415,0.8734691143035889,0.3293633460998535,0.1440338641405105,0.1853051930665969,0.3196000456809997,0.1347263008356094,0.1915209144353866,0.082025907933712,0.353067934513092,0.1580751091241836,0.2034884691238403,0.0602391883730888,161.27438891678403
20240619145013,0.1977410316467285,0.8825122117996216,0.3288792967796325,0.1417846530675888,0.1839936524629593,0.3191686868667602,0.1319002211093902,0.1928372681140899,0.0841458290815353,0.3530188202857971,0.1560664474964141,0.2027649134397506,0.0596020221710205,159.6381874896945
20240619150013,0.2117761075496673,0.8706616163253784,0.3303110599517822,0.1430666893720626,0.1886438578367233,0.3202794194221496,0.1350826770067215,0.1923099905252456,0.0824440792202949,0.3533710837364197,0.1566414088010788,0.2081695944070816,0.0659230798482894,168.7799929771027
20240619151013,0.1961909532546997,0.888126790523529,0.3292505741119385,0.1403131335973739,0.1832811534404754,0.3192371726036072,0.1301911473274231,0.1933574676513672,0.0850074142217636,0.3535454273223877,0.1549247801303863,0.2031664103269577,0.0602834746241569,158.55448114950835
20240619152013,0.1964388787746429,0.892890989780426,0.3293003439903259,0.1394147276878357,0.1833512932062149,0.3197252154350281,0.1294298470020294,0.194208413362503,0.0855741649866104,0.3535192012786865,0.1537555158138275,0.2037069350481033,0.060715414583683,158.0935740169031
20240619153013,0.2018423378467559,0.8943383097648621,0.3293414711952209,0.1395894289016723,0.1848391145467758,0.3206713199615478,0.1304782330989837,0.1948050856590271,0.0851288512349128,0.3530673384666443,0.152991235256195,0.2057469487190246,0.0629187598824501,159.74692404341786
20240619154013,0.2073521018028259,0.889240562915802,0.3297786116600036,0.1421203762292862,0.1823839396238327,0.3224130272865295,0.1340754926204681,0.1901750862598419,0.080389879643917,0.3520590662956238,0.1544601321220398,0.2039462178945541,0.064476229250431,155.1306179825048
20240619155013,0.209718257188797,0.8768941164016724,0.3310226798057556,0.1452468335628509,0.1768074780702591,0.3242348432540893,0.1382279247045517,0.1818577647209167,0.0739662051200866,0.3512052893638611,0.1571226865053177,0.1982398927211761,0.0641009882092475,147.7417127237035
20240619160013,0.2022635042667389,0.878149151802063,0.3311240077018738,0.1470683515071869,0.1700578927993774,0.3248599767684936,0.1397476345300674,0.1762565076351165,0.0700414851307869,0.3506142497062683,0.159094750881195,0.1902991682291031,0.0593656152486801,136.35321907993662
20240619161013,0.1976047754287719,0.8830263614654541,0.3314040899276733,0.1461201906204223,0.1679414212703704,0.3247389197349548,0.1379619240760803,0.1757974922657013,0.0701096653938293,0.3514135479927063,0.1589099615812301,0.1885643601417541,0.0580676719546318,132.37985211790672
20240619162013,0.1983523666858673,0.8855202794075012,0.3313578963279724,0.1456256508827209,0.1685942858457565,0.3246601819992065,0.1374072879552841,0.1766227483749389,0.0709098279476165,0.3515868186950683,0.1584493219852447,0.189565971493721,0.0588504672050476,133.74811111460068
20240619163013,0.1967299580574035,0.887575626373291,0.3312843441963196,0.1457783132791519,0.1672164052724838,0.3246492147445678,0.1374267935752868,0.1757146716117859,0.0705548599362373,0.3514922857284546,0.1586789190769195,0.1882377117872238,0.0582221448421478,131.80623606831492
20240619164013,0.1922621726989746,0.8897932767868042,0.3314427733421325,0.1457522511482238,0.1639626771211624,0.324580430984497,0.136946901679039,0.1735977977514267,0.0697008147835731,0.3516468405723572,0.1591227501630783,0.185076430439949,0.0565263181924819,127.02164617653196
20240619165013,0.1916360855102539,0.8912367224693298,0.3320938348770141,0.1443979293107986,0.1644877791404724,0.3245213031768799,0.1352269351482391,0.1746283173561096,0.0710238665342331,0.3528236150741577,0.158266395330429,0.186449721455574,0.0574797242879867,128.50939723697812
