SeqNumber,Avg_Temperature(°C),Avg_Humidity(%),Avg_Sunlight(Lux),Avg_Power(mW),Min_Temperature(°C),Min_Humidity(%),Min_Sunlight(Lux),Min_Power(mW),Max_Temperature(°C),Max_Humidity(%),Max_Sunlight(Lux),Max_Power(mW)
20240317090003,0.6152542233467102,0.1972107142210006,0.6885203123092651,1069.7912464897172,0.5996608138084412,0.1804174333810806,0.6141403913497925,0.4173702597618103,0.6165146827697754,0.1966441720724105,0.7805960178375244,0.4950439631938934
20240317091003,0.3975443840026855,0.2960659563541412,0.4226278364658355,471.6406728986745,0.3736440241336822,0.2945358157157898,0.3666060268878937,0.2217956930398941,0.4114013612270355,0.2772039473056793,0.4345196783542633,0.2975777685642242
20240317092003,0.2796023488044739,0.2964175641536712,0.2885094583034515,183.8767004783601,0.2648203074932098,0.2991118133068084,0.2462334632873535,0.134866401553154,0.2887787520885467,0.2847069203853607,0.2735470533370971,0.2108586132526397
20240317093003,0.194659799337387,0.2717255651950836,0.2036664634943008,20.305562105949036,0.1897869110107422,0.2775893807411194,0.1712326258420944,0.0856929421424865,0.1999514997005462,0.2651670277118683,0.1733381003141403,0.1564836800098419
20240317094003,0.1339987516403198,0.2369385063648224,0.1514123827219009,0.0,0.1383405029773712,0.2459496259689331,0.1253733187913894,0.0596229396760463,0.1377260982990265,0.2352313548326492,0.1124443635344505,0.1218848675489425
20240317095003,0.0912724658846855,0.1997419595718383,0.1205381527543068,0.0,0.1026945859193801,0.2116380333900451,0.0978859513998031,0.0465367920696735,0.0946892648935318,0.2032525986433029,0.0767105221748352,0.1000397056341171
20240317100003,0.0620120540261268,0.1652817577123642,0.1030318662524223,0.0,0.0775197446346283,0.1793055534362793,0.0824597626924514,0.040472574532032,0.0654379352927208,0.1729313433170318,0.0572160631418228,0.0862202495336532
20240317101003,0.0428815819323062,0.1359802633523941,0.0931693911552429,0.0,0.0591798014938831,0.150818333029747,0.0754456669092178,0.0384362898766994,0.0459995344281196,0.1464508026838302,0.0482283867895603,0.0772233083844184
20240317102003,0.0301172360777854,0.1125939860939979,0.0882412195205688,0.0,0.0462381057441234,0.1267699003219604,0.0731751844286918,0.0382694602012634,0.0332391485571861,0.1237948909401893,0.0453630462288856,0.0716011375188827
20240317103003,0.0212593860924243,0.094779260456562,0.0864817276597023,0.0,0.037681009620428,0.107770562171936,0.0730167403817176,0.0391117930412292,0.0247267708182334,0.1052633896470069,0.0458184368908405,0.0680154487490654
20240317104003,0.0152231380343437,0.0819047465920448,0.0865395367145538,0.0,0.0324027612805366,0.0933948755264282,0.0736676380038261,0.0400855354964733,0.0193995907902717,0.0912612751126289,0.0476707518100738,0.0652418807148933
20240317105003,0.0112692443653941,0.0726145207881927,0.0872097164392471,0.0,0.0293970312923192,0.0824816301465034,0.0748173892498016,0.0410995408892631,0.0161442905664443,0.0807848274707794,0.0500564463436603,0.0635222867131233
20240317110003,0.0090721426531672,0.0659939646720886,0.0878750160336494,0.0,0.0279170032590627,0.0742607936263084,0.0760459825396537,0.0419884696602821,0.0144510418176651,0.0730091333389282,0.0525565519928932,0.0625044107437133
20240317111003,0.0079458644613623,0.0616524294018745,0.0883373618125915,0.0,0.0274189952760934,0.0681675374507904,0.0771878063678741,0.042694516479969,0.0138945206999778,0.0673878714442253,0.0545504726469516,0.0613848567008972
20240317112003,0.0074990754947066,0.0586529448628425,0.0887161418795585,0.0,0.0274370014667511,0.0634342804551124,0.0782658606767654,0.0433189161121845,0.0139093399047851,0.0632186904549598,0.0562434867024421,0.0603530146181583
20240317113003,0.007500756997615,0.0565604902803897,0.0890124961733818,0.0,0.0277725290507078,0.0596553906798362,0.0793251693248748,0.0438597165048122,0.0142824836075305,0.0601133704185485,0.05772041156888,0.0593934766948223
20240317114003,0.0077645620331168,0.0552063845098018,0.0892328694462776,0.0,0.0283323395997285,0.056766502559185,0.0803200975060463,0.0442425794899463,0.0148392841219902,0.0578763782978057,0.0589387789368629,0.0586355440318584
20240317115003,0.0081413416191935,0.0541441887617111,0.0894119516015052,0.0,0.0290184877812862,0.054498229175806,0.0811706036329269,0.0443941913545131,0.0154257826507091,0.05644091963768,0.0599331334233284,0.0579706765711307
20240317120003,0.0084732621908187,0.053407933562994,0.0895467102527618,0.0,0.0297126565128564,0.0526677556335926,0.0818913057446479,0.0444319285452365,0.0160171780735254,0.0555746182799339,0.060718648135662,0.0574588552117347
20240317121003,0.0087301265448331,0.0529322810471057,0.0896027535200119,0.0,0.0303918626159429,0.0511647388339042,0.0824264511466026,0.0443650819361209,0.0166249200701713,0.0551623553037643,0.0612852498888969,0.0570931173861026
20240317122003,0.0089247357100248,0.0526244603097438,0.0896297842264175,0.0,0.0311096552759408,0.0499752089381217,0.0827381834387779,0.0442494340240955,0.0172397661954164,0.0550211444497108,0.0617097169160842,0.0567836053669452
20240317123003,0.0090527199208736,0.0524161085486412,0.0896520093083381,0.0,0.0318060629069805,0.0490495525300502,0.0829416960477829,0.0441319830715656,0.0178195908665657,0.0549927130341529,0.0620263367891311,0.0564749762415885
20240317124003,0.0091067291796207,0.0522039607167243,0.0895817130804061,0.0,0.0325700975954532,0.0483388975262641,0.0827760472893714,0.043979849666357,0.0185075066983699,0.0551468431949615,0.0622078739106655,0.0561681203544139
20240317125003,0.0088855372741818,0.0520291998982429,0.0894874557852745,0.0,0.0330445431172847,0.0478483662009239,0.0824126750230789,0.0438113175332546,0.0190247483551502,0.0553873479366302,0.0622152835130691,0.0558511577546596
20240317130003,0.0086237620562314,0.0519159026443958,0.0894191116094589,0.0,0.0332935787737369,0.0475627705454826,0.0820129811763763,0.0437453314661979,0.0194276589900255,0.0556313693523407,0.0621676966547966,0.0555254742503166
20240317131003,0.008629048243165,0.0519151613116264,0.0894298180937767,0.0,0.0332941561937332,0.0475562885403633,0.0820291489362716,0.0437548644840717,0.0194259732961654,0.0556221604347229,0.0621770769357681,0.0555362366139888
20240317132003,0.0086327791213989,0.0519146099686622,0.089436374604702,0.0,0.0332947820425033,0.0475519746541976,0.082039289176464,0.0437615998089313,0.0194250289350748,0.055615983903408,0.0621827058494091,0.0555430836975574
20240317133003,0.0086355041712522,0.0519142560660839,0.0894404426217079,0.0,0.0332952924072742,0.0475490689277648,0.0820459276437759,0.0437663532793521,0.0194244366139173,0.0556116700172424,0.0621861517429351,0.055547509342432
20240317134003,0.0086374767124652,0.0519140027463436,0.0894428640604019,0.0,0.0332957170903682,0.0475471168756485,0.0820501148700714,0.043769646435976,0.0194241181015968,0.0556087046861648,0.0621881671249866,0.0555502884089946
20240317135003,0.008638915605843,0.051913846284151,0.0894442200660705,0.0,0.0332960560917854,0.0475458353757858,0.0820526555180549,0.0437718667089939,0.0194239635020494,0.0556067153811454,0.0621892847120761,0.0555519461631774
20240317140003,0.008639951236546,0.0519137158989906,0.0894448831677436,0.0,0.0332963429391384,0.047544989734888,0.0820541232824325,0.0437733307480812,0.0194239113479852,0.0556053891777992,0.0621898174285888,0.0555528588593006
20240317141003,0.0086406907066702,0.0519136413931846,0.0894451364874839,0.0,0.0332965664565563,0.0475444570183754,0.0820548981428146,0.0437742732465267,0.0194239392876625,0.0556045323610305,0.0621900148689746,0.0555532984435558
20240317142003,0.0086412224918603,0.0519135631620883,0.0894451215863227,0.0,0.0332967601716518,0.0475441142916679,0.0820552185177803,0.043774839490652,0.0194239933043718,0.055603988468647,0.0621900036931037,0.055553451180458
20240317143003,0.0086415912955999,0.0519134886562824,0.0894449949264526,0.0,0.0332969091832637,0.0475438944995403,0.0820552706718444,0.0437751822173595,0.0194240733981132,0.0556036680936813,0.0621898770332336,0.0555534288287162
20240317144003,0.0086418380960822,0.0519134327769279,0.0894447639584541,0.0,0.0332970321178436,0.0475437566637992,0.0820551514625549,0.0437753424048423,0.0194241553544998,0.055603489279747,0.0621896907687187,0.0555533058941364
20240317145003,0.0086420075967907,0.0519133694469928,0.0894445478916168,0.0,0.0332971364259719,0.0475436709821224,0.0820549577474594,0.0437754169106483,0.0194242373108863,0.055603414773941,0.0621895119547843,0.0555531419813632
20240317150003,0.0086421174928545,0.0519133210182189,0.0894443169236183,0.0,0.0332972146570682,0.0475436225533485,0.0820547267794609,0.0437754206359386,0.0194243099540472,0.0556033849716186,0.0621893145143985,0.0555529668927192
20240317151003,0.008642179891467,0.0519132763147354,0.089444100856781,0.0,0.033297274261713,0.0475435964763164,0.0820544958114624,0.0437753945589065,0.0194243844598531,0.055603377521038,0.0621891468763351,0.0555527992546558
20240317152003,0.0086422227323055,0.0519132390618324,0.0894439369440078,0.0,0.0332973264157772,0.0475435703992843,0.0820542871952056,0.0437753610312938,0.0194244422018528,0.0556034073233604,0.0621890015900135,0.0555526502430439
20240317153003,0.008642241358757,0.0519132018089294,0.0894437879323959,0.0,0.0332973636686801,0.0475435554981231,0.0820541083812713,0.0437753126025199,0.0194244887679815,0.0556034445762634,0.0621888786554336,0.0555525310337543
20240317154003,0.0086422571912407,0.051913172006607,0.0894436836242675,0.0,0.0332973971962928,0.0475435443222522,0.0820539593696594,0.043775275349617,0.0194245316088199,0.0556034743785858,0.0621887817978858,0.0555524230003356
20240317155003,0.0086422599852085,0.0519131496548652,0.0894435867667198,0.0,0.033297412097454,0.0475435368716716,0.0820538401603698,0.0437752343714237,0.0194245595484972,0.0556035041809082,0.0621887072920799,0.0555523373186588
20240317160003,0.0086422562599182,0.0519131161272525,0.0894435197114944,0.0,0.0332974418997764,0.0475435219705104,0.0820537433028221,0.0437752120196819,0.0194245893508195,0.0556035339832305,0.0621886476874351,0.0555522739887237
20240317161003,0.0086422506719827,0.0519131049513816,0.0894434824585914,0.0,0.0332974642515182,0.0475435145199298,0.0820536762475967,0.0437751896679401,0.0194246098399162,0.0556035488843917,0.0621886029839515,0.0555522255599498
20240317162003,0.0086422562599182,0.0519130900502204,0.0894434377551078,0.0,0.0332974791526794,0.0475434958934783,0.0820536166429519,0.0437751747667789,0.0194246377795934,0.0556035712361335,0.0621885731816291,0.0555521957576274
20240317163003,0.0086422534659504,0.0519130751490592,0.0894434079527854,0.0,0.0332974791526794,0.0475434996187686,0.0820535868406295,0.0437751598656177,0.0194246489554643,0.0556035786867141,0.0621885582804679,0.0555521659553051
20240317164003,0.0086422525346279,0.0519130751490592,0.0894433930516243,0.0,0.0332974903285503,0.0475434884428978,0.0820535644888877,0.0437751449644565,0.0194246601313352,0.0556035786867141,0.0621885508298873,0.0555521510541439
20240317165003,0.0086422581225633,0.0519130602478981,0.0894433706998825,0.0,0.0332974903285503,0.0475434847176075,0.0820535570383071,0.0437751449644565,0.0194246601313352,0.0556035861372947,0.0621885433793067,0.0555521436035633
20240414090003,0.7045904994010925,0.2835010290145874,0.5946894884109497,880.8303049553231,0.6956624984741211,0.2665672600269317,0.5322003364562988,0.3441390693187713,0.7063091993331909,0.2901372015476227,0.6755580902099609,0.3954362571239471
20240414091003,0.4804438948631286,0.3693465888500213,0.3683399260044098,415.7864603628624,0.4637008011341095,0.3621761202812195,0.3185247182846069,0.1797555983066558,0.4885787963867187,0.3489930629730224,0.3690618872642517,0.2342885881662368
20240414092003,0.3497604131698608,0.356795459985733,0.2523648142814636,200.98819746998998,0.3411507308483124,0.3527002036571502,0.2133082002401352,0.1095507889986038,0.3517460227012634,0.3404297530651092,0.2284294962882995,0.1655724048614502
20240414093003,0.2536447942256927,0.3195169270038605,0.1802448183298111,77.73314513722482,0.2540970146656036,0.3198155164718628,0.1490657478570938,0.0720551311969757,0.2516570091247558,0.3079895675182342,0.1431822180747985,0.1235951706767082
20240414094003,0.1832755655050277,0.2738449871540069,0.1366682201623916,10.347121679965085,0.1914618462324142,0.278815746307373,0.1110005527734756,0.0530182719230651,0.1798199117183685,0.2672773897647857,0.0929795950651168,0.098353810608387
20240414095003,0.1321254968643188,0.2277918010950088,0.1116076037287712,0.0,0.145889014005661,0.2377074509859085,0.0884265080094337,0.0440953783690929,0.1292434632778167,0.2264955341815948,0.0644332915544509,0.0832960456609726
20240414100003,0.0954268127679824,0.1858656108379364,0.0979913622140884,0.0,0.1121610105037689,0.200140118598938,0.0760915875434875,0.0406150482594966,0.093583770096302,0.1895165890455246,0.0495255514979362,0.0743228793144226
20240414101003,0.0693600624799728,0.1504439860582351,0.0907401889562606,0.0,0.0861510708928108,0.1670137047767639,0.0709340721368789,0.0398991741240024,0.068225160241127,0.1576853543519973,0.0431379750370979,0.0687648206949234
20240414102003,0.0510430969297885,0.1224211677908897,0.0873475298285484,0.0,0.0667930990457534,0.1388576626777649,0.0696885958313942,0.0401918850839138,0.0508395470678806,0.1316379755735397,0.0421469770371913,0.0655025020241737
20240414103003,0.0380526222288608,0.1013173684477806,0.0863324403762817,0.0,0.053176712244749,0.1167511865496635,0.0703053697943687,0.0413107685744762,0.0388478860259056,0.1103482842445373,0.0439084470272064,0.0636442750692367
20240414104003,0.0285320989787578,0.0859773978590965,0.0867548063397407,0.0,0.0438820049166679,0.1001105681061744,0.0716437846422195,0.0424377731978893,0.030553001910448,0.0941624268889427,0.0466527640819549,0.0622043423354625
20240414105003,0.0215370748192071,0.0751920863986015,0.087692804634571,0.0,0.0378013588488101,0.0877066552639007,0.0732466727495193,0.0432224832475185,0.0248412936925888,0.0822727754712104,0.0494881644845008,0.0613250024616718
20240414110003,0.0167209021747112,0.0676536411046981,0.0886367261409759,0.0,0.0338681228458881,0.0783173814415931,0.0750453621149063,0.0439521074295043,0.0209506899118423,0.0736533105373382,0.0522512793540954,0.0608419366180896
20240414111003,0.0136929862201213,0.062534786760807,0.0892163813114166,0.0,0.0315808281302452,0.0712795183062553,0.0766414180397987,0.0444276630878448,0.0186901316046714,0.0674452856183052,0.0545691139996051,0.0602323077619075
20240414112003,0.011821617372334,0.0591290891170501,0.0895096808671951,0.0,0.0303876940160989,0.0658392384648323,0.077973186969757,0.0447273924946785,0.0175239704549312,0.0630122721195221,0.0564130097627639,0.0594504997134208
20240414113003,0.0107323322445154,0.0568177737295627,0.089663840830326,0.0,0.0298825427889823,0.0615348294377327,0.0791556537151336,0.044959794729948,0.0169829949736595,0.0598176717758178,0.0579571835696697,0.058683805167675
20240414114003,0.0101806577295064,0.0553442053496837,0.0897097289562225,0.0,0.0298196170479059,0.0582055561244487,0.0801667645573616,0.0451499111950397,0.0168788935989141,0.0575174689292907,0.0591572374105453,0.0580485388636589
20240414115003,0.0099602565169334,0.0541833713650703,0.0897299125790596,0.0,0.0300872344523668,0.0555774867534637,0.0809665620326995,0.0451248548924922,0.0170041155070066,0.0560432001948356,0.0601082071661949,0.0574938468635082
20240414120003,0.0098212752491235,0.0533585324883461,0.0896913185715675,0.0,0.0304972995072603,0.053422424942255,0.0816761255264282,0.0449483282864093,0.0172134712338447,0.0551899448037147,0.0608357861638069,0.0571055300533771
20240414121003,0.009741298854351,0.0528462827205657,0.0896162912249565,0.0,0.0309794265776872,0.0516602806746959,0.082239881157875,0.0447150506079196,0.0175192486494779,0.0547761917114257,0.0613500997424125,0.0567894019186496
20240414122003,0.0096366517245769,0.0525107607245445,0.0895408317446708,0.0,0.0315500646829605,0.0502753369510173,0.0825582966208458,0.0444540791213512,0.0178940817713737,0.0546712279319763,0.0617030933499336,0.0564870461821556
20240414123003,0.0095420274883508,0.052300676703453,0.0895077660679817,0.0,0.0321771129965782,0.0492173321545124,0.0827143937349319,0.0442211367189884,0.0183212775737047,0.0547853931784629,0.0619924031198024,0.0562389865517616
20240414124003,0.0093835378065705,0.0521280206739902,0.0894887298345565,0.0,0.0327736064791679,0.0484300181269645,0.0826456248760223,0.0440189950168132,0.0187951475381851,0.0550191104412078,0.0621777065098285,0.0560239888727664
20240414125003,0.0089914491400122,0.0519966259598732,0.0894384384155273,0.0,0.0331144258379936,0.0478861853480339,0.0823714286088943,0.0438282452523708,0.0191231817007064,0.0553187951445579,0.0621935799717903,0.0557841360569
20240414130003,0.0086224526166915,0.0519121401011943,0.0894008353352546,0.0,0.0332942232489585,0.0475680492818355,0.0819888412952423,0.0437345579266548,0.0194343030452728,0.0556356906890869,0.0621537677943706,0.0555108152329921
20240414131003,0.008627894334495,0.0519123524427413,0.0894156172871589,0.0,0.0332948118448257,0.0475606322288513,0.0820101723074913,0.0437465570867061,0.0194312091916799,0.0556259676814079,0.062166154384613,0.05552464351058
20240414132003,0.0086317993700504,0.0519124940037727,0.0894254818558693,0.0,0.0332954004406929,0.0475554466247558,0.0820245891809463,0.0437552519142627,0.0194291286170482,0.0556191951036453,0.0621742531657218,0.0555340349674224
20240414133003,0.0086347088217735,0.0519126653671264,0.0894321575760841,0.0,0.0332958772778511,0.0475518144667148,0.0820346027612686,0.0437615513801574,0.0194276496767997,0.0556143298745155,0.0621796697378158,0.0555404908955097
20240414134003,0.0086368508636951,0.0519128181040287,0.0894366279244422,0.0,0.0332962423563003,0.0475492589175701,0.0820414870977401,0.0437660366296768,0.0194266121834516,0.0556108802556991,0.0621832609176635,0.0555449016392231
20240414135003,0.0086384275928139,0.0519129559397697,0.0894395560026168,0.0,0.0332965143024921,0.047547485679388,0.0820461586117744,0.0437691919505596,0.0194258876144886,0.0556084364652633,0.0621855854988098,0.0555478446185588
20240414140003,0.008639583364129,0.0519130676984787,0.0894414559006691,0.0,0.0332967452704906,0.0475462600588798,0.0820492804050445,0.0437713600695133,0.019425394013524,0.0556067451834678,0.0621870756149292,0.0555497668683528
20240414141003,0.0086404141038656,0.0519131496548652,0.0894426256418228,0.0,0.033296912908554,0.0475454106926918,0.0820513293147087,0.0437728427350521,0.0194250531494617,0.0556055828928947,0.0621879994869232,0.0555509962141513
20240414142003,0.0086410129442811,0.0519132204353809,0.0894433110952377,0.0,0.0332970432937145,0.0475448258221149,0.0820526033639907,0.0437738113105297,0.0194248333573341,0.055604800581932,0.0621885284781456,0.055551741272211
20240414143003,0.0086414422839879,0.051913246512413,0.0894436836242675,0.0,0.0332971364259719,0.047544427216053,0.0820533782243728,0.0437744408845901,0.0194246992468833,0.0556042864918708,0.0621888190507888,0.0555521659553051
20240414144003,0.0086417337879538,0.0519132614135742,0.0894438624382019,0.0,0.0332972072064876,0.0475441478192806,0.0820537954568862,0.0437748320400714,0.0194246172904968,0.0556039437651634,0.0621889382600784,0.0555523969233036
20240414145003,0.008641930297017,0.0519132502377033,0.0894439071416854,0.0,0.0332972668111324,0.0475439578294754,0.0820539891719818,0.0437750481069088,0.0194245800375938,0.0556037500500679,0.0621889755129814,0.0555524863302707
20240414150003,0.0086420644074678,0.0519132390618324,0.0894438698887825,0.0,0.0332973152399063,0.0475438386201858,0.0820540562272071,0.0437751747667789,0.019424557685852,0.0556036233901977,0.0621889494359493,0.0555525049567222
20240414151003,0.0086421482264995,0.0519132241606712,0.0894438102841377,0.0,0.0332973599433898,0.0475437380373477,0.0820540264248848,0.0437752269208431,0.0194245595484972,0.0556035712361335,0.0621888861060142,0.0555524714291095
20240414152003,0.0086422059684991,0.0519131906330585,0.0894437357783317,0.0,0.0332973822951316,0.0475436747074127,0.08205396682024,0.043775238096714,0.0194245632737875,0.0556035339832305,0.0621888265013694,0.0555524267256259
20240414153003,0.0086422245949506,0.051913172006607,0.0894436538219451,0.0,0.0332974083721637,0.0475436300039291,0.0820538848638534,0.0437752343714237,0.0194245744496583,0.0556035414338111,0.0621887631714344,0.0555523633956909
20240414154003,0.0086422469466924,0.0519131533801555,0.0894435942173004,0.0,0.0332974307239055,0.0475435964763164,0.0820538103580474,0.0437752231955528,0.0194245856255292,0.0556035339832305,0.0621887072920799,0.0555523186922073
20240414155003,0.0086422488093376,0.0519131384789943,0.0894435346126556,0.0,0.0332974381744861,0.0475435629487037,0.0820537433028221,0.0437752045691013,0.0194246023893356,0.0556035488843917,0.0621886476874351,0.0555522628128528
20240414160003,0.0086422562599182,0.0519131161272525,0.0894434750080108,0.0,0.0332974605262279,0.0475435480475425,0.0820536762475967,0.0437751859426498,0.0194246154278516,0.0556035637855529,0.0621886178851127,0.0555522292852401
20240414161003,0.0086422562599182,0.0519131012260913,0.089443452656269,0.0,0.0332974679768085,0.047543529421091,0.0820536315441131,0.0437751747667789,0.0194246303290128,0.0556035712361335,0.0621885880827903,0.0555521957576274
20240414162003,0.0086422506719827,0.0519130825996398,0.0894434228539466,0.0,0.0332974828779697,0.0475435070693492,0.0820536017417907,0.043775163590908,0.0194246396422386,0.0556035861372947,0.0621885731816291,0.0555521771311759
20240414163003,0.0086422562599182,0.051913071423769,0.0894433930516243,0.0,0.0332974903285503,0.0475435033440589,0.0820535719394683,0.0437751561403274,0.0194246489554643,0.0556035861372947,0.0621885508298873,0.0555521622300148
20240414164003,0.0086422506719827,0.0519130676984787,0.0894433930516243,0.0,0.03329748660326,0.047543492168188,0.0820535570383071,0.0437751412391662,0.0194246526807546,0.0556035935878753,0.0621885433793067,0.0555521436035633
20240414165003,0.0086422581225633,0.0519130676984787,0.0894433781504631,0.0,0.0332974940538406,0.0475434809923172,0.0820535570383071,0.0437751486897468,0.0194246638566255,0.0556035935878753,0.0621885433793067,0.0555521473288536
20240524090003,0.4585726857185364,0.9862754344940186,0.1465052664279937,96.45651990912279,0.4492198228836059,0.9703571200370787,0.1266093701124191,0.0346591360867023,0.4471426904201507,0.9947376847267152,0.1837913393974304,0.051891703158617
20240524091003,0.3959137499332428,0.698868453502655,0.1544525027275085,149.97779245453705,0.424562007188797,0.6777641773223877,0.1429227143526077,0.0500109903514385,0.3843587338924408,0.6960431933403015,0.1808163374662399,0.0883028358221054
20240524092003,0.3387951254844665,0.5180045962333679,0.1571378409862518,135.9845574172021,0.3770692646503448,0.4951806366443634,0.1410641521215438,0.0572035796940326,0.3278183937072754,0.5014532208442688,0.1658645868301391,0.1015975251793861
20240524093003,0.2866254150867462,0.3865681886672973,0.1572807133197784,115.8829177319634,0.3256639242172241,0.3648477792739868,0.1332572549581527,0.0592826604843139,0.277067482471466,0.3607866466045379,0.1501654088497162,0.1066216379404068
20240524094003,0.2400254011154174,0.2906956672668457,0.1553016304969787,106.90039907914473,0.2750125229358673,0.2728167772293091,0.1230485737323761,0.0585757680237293,0.2327872514724731,0.2601563334465027,0.1353055089712143,0.1068919152021408
20240524095003,0.1993844807147979,0.2213546186685562,0.1515293717384338,104.61767599923789,0.2277614176273346,0.2083240151405334,0.1135696023702621,0.0565305240452289,0.1941741108894348,0.1905046701431274,0.122110940515995,0.1038406640291214
20240524100003,0.1649213135242462,0.1711079329252243,0.1457065790891647,103.04448669017688,0.1856513023376464,0.1632194966077804,0.1055377647280693,0.0544473752379417,0.1606763899326324,0.142841175198555,0.1111098974943161,0.098895788192749
20240524101003,0.1359866559505462,0.134390041232109,0.1385523527860641,97.09492467958313,0.1494369804859161,0.1314434111118316,0.0989722460508346,0.0526828058063983,0.1323540210723877,0.110164038836956,0.1019058749079704,0.0934253856539726
20240524102003,0.1118673011660575,0.1070204749703407,0.1306860893964767,87.05198542886657,0.1194764226675033,0.1090962365269661,0.0939502045512199,0.0518437512218952,0.1085240542888641,0.0875331163406372,0.0941452756524086,0.0881843641400337
20240524103003,0.0915184617042541,0.0872416198253631,0.1231239959597587,76.1369043985475,0.0955383777618408,0.0936818793416023,0.0901417583227157,0.0518287308514118,0.0885634273290634,0.0720922425389289,0.0875644236803054,0.0830359458923339
20240524104003,0.0738176926970481,0.0735643580555915,0.1159760355949401,62.051655510017554,0.0766591504216194,0.0828250646591186,0.0870850384235382,0.0517780482769012,0.0719809010624885,0.0620317012071609,0.0815615206956863,0.0783680528402328
20240524105003,0.0589713566005229,0.0639612525701522,0.1100145205855369,48.5557875520463,0.0624753013253212,0.0751157477498054,0.0847874283790588,0.0517718009650707,0.058285504579544,0.0553499609231948,0.0767996087670326,0.0745608210563659
20240524110003,0.046712502837181,0.0578162036836147,0.1051661074161529,32.697201544660345,0.0518136397004127,0.0694691017270088,0.0836118906736373,0.0513481199741363,0.047218270599842,0.0511854290962219,0.0728360265493393,0.0714412629604339
20240524111003,0.0368026755750179,0.0539889559149742,0.1012138575315475,17.779373738684455,0.0440820790827274,0.0649413168430328,0.0831792801618576,0.0508674345910549,0.0384271219372749,0.0487483441829681,0.0697091594338417,0.0686773881316185
20240524112003,0.0291708894073963,0.0521166697144508,0.0981284826993942,5.347405291531857,0.0389071516692638,0.0612256564199924,0.0831596553325653,0.0503002293407917,0.0321436151862144,0.0479341596364975,0.0672972053289413,0.0658739507198333
20240524113003,0.0235778056085109,0.0511578880250453,0.0956893935799598,0.0,0.0355143249034881,0.0582062453031539,0.0831166878342628,0.0495387353003025,0.0278084184974432,0.0480986163020134,0.0656914263963699,0.0633889287710189
20240524114003,0.0194448940455913,0.050799049437046,0.0938468649983406,0.0,0.0335159786045551,0.0557975806295871,0.0830537974834442,0.0487402826547622,0.0247866008430719,0.0486263334751129,0.0646491795778274,0.0613526366651058
20240524115003,0.0165477786213159,0.0508256033062934,0.0924883410334587,0.0,0.0324979946017265,0.0539231970906257,0.0830918699502945,0.0478627197444438,0.0225995816290378,0.0495306253433227,0.0639356076717376,0.0596592538058757
20240524120003,0.014367482624948,0.0508805215358734,0.0915186032652854,0.0,0.0321215018630027,0.0523570664227008,0.0830464214086532,0.047037661075592,0.0210898499935865,0.0505697727203369,0.0635035783052444,0.0583342127501964
20240524121003,0.0126898465678095,0.0510331876575946,0.0908184349536895,0.0,0.0321169383823871,0.0510404743254184,0.082959659397602,0.0462980754673481,0.0201240144670009,0.0516408085823059,0.0631791576743125,0.0573444180190563
20240524122003,0.0114558385685086,0.0512795709073543,0.0902795121073722,0.0,0.0323392301797866,0.0499529018998146,0.0828333497047424,0.0456044636666774,0.0196447074413299,0.0526558682322502,0.0628376454114914,0.0565786957740783
20240524123003,0.0105687780305743,0.0515130907297134,0.0898738354444503,0.0,0.0327245742082595,0.0491108149290084,0.0826740562915802,0.0449640788137912,0.0195037927478551,0.0535748749971389,0.0625653341412544,0.0560937337577343
20240524124003,0.0098525062203407,0.0516910441219806,0.0895998626947403,0.0,0.0331496559083461,0.0484624803066253,0.0824451595544815,0.0444048531353473,0.0195323657244443,0.0543770790100097,0.0623753368854522,0.0558130145072937
20240524125003,0.0091102430596947,0.0518371909856796,0.0894164219498634,0.0,0.0332877449691295,0.0479611493647098,0.0821759924292564,0.0439423285424709,0.01945904456079,0.0550747811794281,0.0621938779950141,0.0556276105344295
20240524130003,0.0086311511695384,0.0518992245197296,0.0893674865365028,0.0,0.0332989245653152,0.0475718080997467,0.0819487124681472,0.0437246933579444,0.0194526631385087,0.055629938840866,0.062130469828844,0.0554872751235961
20240524131003,0.0086332522332668,0.0519027337431907,0.0893863812088966,0.0,0.033300157636404,0.047566145658493,0.0819730684161186,0.0437380671501159,0.0194468330591917,0.0556255206465721,0.06214439868927,0.0555021502077579
20240524132003,0.0086351055651903,0.0519054271280765,0.0894011333584785,0.0,0.0333006456494331,0.0475614741444587,0.0819925665855407,0.0437481328845024,0.019442019984126,0.0556214451789855,0.0621554180979728,0.0555140376091003
20240524133003,0.0086366832256317,0.0519075132906436,0.0894124656915664,0.0,0.0333006717264652,0.0475576370954513,0.0820079147815704,0.0437556914985179,0.0194381102919578,0.0556178763508796,0.0621640123426914,0.0555234253406524
20240524134003,0.0086379898712039,0.0519091039896011,0.0894210860133171,0.0,0.0333004109561443,0.0475545413792133,0.0820198580622673,0.0437613166868686,0.0194349531084299,0.0556148141622543,0.0621706284582614,0.0555307865142822
20240524135003,0.0086390385404229,0.0519103072583675,0.0894275605678558,0.0,0.0333000384271144,0.047552041709423,0.0820290446281433,0.0437654592096805,0.0194324478507041,0.0556122809648513,0.0621756426990032,0.0555364489555358
20240524140003,0.008639883249998,0.0519112050533294,0.0894323512911796,0.0,0.0332996137440204,0.0475500635802745,0.0820360034704208,0.0437684804201126,0.0194304771721363,0.0556102022528648,0.0621794089674949,0.055540781468153
20240524141003,0.0086405389010906,0.0519118458032608,0.089435838162899,0.0,0.0332992151379585,0.0475484877824783,0.0820412188768386,0.0437706522643566,0.0194289498031139,0.0556085333228111,0.0621821954846382,0.0555440559983253
20240524142003,0.0086410464718937,0.0519123151898384,0.0894383490085601,0.0,0.0332988500595092,0.0475472696125507,0.0820450484752655,0.0437721982598304,0.0194277837872505,0.0556072071194648,0.0621842220425605,0.0555464811623096
20240524143003,0.0086414152756333,0.051912635564804,0.0894401147961616,0.0,0.0332985185086727,0.0475463084876537,0.0820478349924087,0.0437732711434364,0.0194268804043531,0.0556061938405036,0.0621856674551963,0.0555482506752014
20240524144003,0.0086416862905025,0.0519128441810607,0.0894413366913795,0.0,0.0332982465624809,0.0475455671548843,0.0820498093962669,0.0437740050256252,0.0194262154400348,0.0556054264307022,0.0621866956353187,0.0555495396256446
20240524145003,0.0086418874561786,0.0519129894673824,0.0894421562552452,0.0,0.0332980304956436,0.0475450195372104,0.0820511728525161,0.0437744744122028,0.0194257274270057,0.0556048452854156,0.0621873885393142,0.0555504336953163
20240524150003,0.0086420197039842,0.0519130676984787,0.0894426852464675,0.0,0.0332978628575801,0.0475445836782455,0.0820520967245101,0.0437747798860073,0.0194253660738468,0.0556044429540634,0.0621878504753112,0.0555510632693767
20240524151003,0.0086421193554997,0.0519131124019622,0.0894430130720138,0.0,0.0332977436482906,0.0475442707538604,0.0820527076721191,0.0437749624252319,0.0194251202046871,0.0556041449308395,0.0621881559491157,0.0555514805018901
20240524152003,0.0086421705782413,0.051913134753704,0.0894432067871093,0.0,0.0332976505160331,0.0475440435111522,0.0820530802011489,0.0437750667333602,0.0194249469786882,0.0556039363145828,0.0621883273124694,0.0555517449975013
20240524153003,0.0086422134190797,0.051913134753704,0.0894433259963989,0.0,0.0332975909113884,0.0475438684225082,0.082053318619728,0.043775126338005,0.0194248389452695,0.0556038096547126,0.0621884278953075,0.0555519051849842
20240524154003,0.0086422357708215,0.0519131235778331,0.0894433781504631,0.0,0.0332975536584854,0.0475437492132186,0.0820534378290176,0.0437751598656177,0.0194247644394636,0.0556037202477455,0.0621884912252426,0.0555520169436931
20240524155003,0.0086422432214021,0.0519131198525428,0.0894433856010437,0.0,0.0332975201308727,0.0475436598062515,0.082053504884243,0.0437751598656177,0.0194247178733348,0.0556036680936813,0.062188521027565,0.0555520690977573
20240524160003,0.0086422385647892,0.0519131012260913,0.0894433856010437,0.0,0.0332975052297115,0.0475435964763164,0.0820535346865654,0.0437751561403274,0.0194246843457222,0.0556036308407783,0.0621885284781456,0.05555210262537
20240524161003,0.0086422432214021,0.0519130900502204,0.0894433930516243,0.0,0.0332975015044212,0.0475435517728328,0.0820535495877265,0.0437751561403274,0.0194246601313352,0.0556036159396171,0.0621885322034359,0.0555521175265312
20240524162003,0.0086422516033053,0.0519130825996398,0.0894433930516243,0.0,0.0332974940538406,0.0475435256958007,0.0820535495877265,0.0437751412391662,0.0194246657192707,0.0556036084890365,0.0621885359287261,0.0555521287024021
20240524163003,0.0086422525346279,0.0519130825996398,0.0894433781504631,0.0,0.0332974940538406,0.0475435070693492,0.082053542137146,0.0437751412391662,0.0194246657192707,0.0556035935878753,0.0621885359287261,0.0555521287024021
20240524164003,0.0086422534659504,0.0519130639731884,0.0894433781504631,0.0,0.0332974940538406,0.0475434884428978,0.0820535570383071,0.0437751412391662,0.0194246657192707,0.0556035935878753,0.0621885359287261,0.055552139878273
20240524165003,0.0086422525346279,0.051913071423769,0.0894433781504631,0.0,0.0332974977791309,0.0475434772670269,0.0820535495877265,0.0437751412391662,0.0194246675819158,0.0556035935878753,0.0621885433793067,0.0555521436035633
20240526090003,0.51261967420578,0.8695864081382751,0.1765419244766235,114.08709689174518,0.5004386901855469,0.84857177734375,0.1523618251085281,0.0388477854430675,0.5004526376724243,0.8840721249580383,0.2149900496006012,0.060245756059885
20240526091003,0.4307591915130615,0.6381929516792297,0.1674871742725372,151.10379668300988,0.4499015510082245,0.6126874089241028,0.1537045538425445,0.0452051162719726,0.4165473878383636,0.6389435529708862,0.1910228878259658,0.0880189090967178
20240526092003,0.360017716884613,0.4839580059051513,0.1605692505836486,133.30440453698358,0.3885834217071533,0.4582895040512085,0.1426041275262832,0.0498968698084354,0.3465846180915832,0.4711276590824127,0.1652705371379852,0.0971883758902549
20240526093003,0.2983837127685547,0.3686589300632477,0.1548527330160141,111.42729611687932,0.3289596736431122,0.3456008434295654,0.1296850740909576,0.0516367517411708,0.2870745658874511,0.3468944132328033,0.1436169892549514,0.1002614274621009
20240526094003,0.2455669343471527,0.2818084359169006,0.1498163789510727,101.53659996113365,0.2739369571208954,0.2638681828975677,0.1170737668871879,0.0516753233969211,0.2371454834938049,0.2558052241802215,0.1264247298240661,0.0998909473419189
20240526095003,0.2008315473794937,0.2171367108821869,0.1445612460374832,97.83076888414902,0.224422886967659,0.2049677968025207,0.1069494560360908,0.0508619435131549,0.1947932839393615,0.1911395192146301,0.1126538962125778,0.0971020460128784
20240526100003,0.1640790700912475,0.1693819761276245,0.1383042931556701,94.8815816969537,0.1815910637378692,0.1628475487232208,0.0990796685218811,0.0499931946396827,0.1593098938465118,0.1459303647279739,0.1020234376192092,0.0928940623998642
20240526101003,0.1341323554515838,0.133978396654129,0.1314384341239929,88.7407833587396,0.1455126404762268,0.1325223892927169,0.0931020379066467,0.0493655987083911,0.1301055550575256,0.1142366081476211,0.0936537832021713,0.0881483182311058
20240526102003,0.1097805500030517,0.1073227822780609,0.124245636165142,78.87626319356329,0.1160153448581695,0.1106230691075325,0.0889647454023361,0.0494210347533226,0.1061192452907562,0.0915962010622024,0.0871190279722213,0.0837782025337219
20240526103003,0.089347556233406,0.0879997611045837,0.1174026578664779,67.27769614920771,0.0926206558942794,0.0951991155743599,0.0860456377267837,0.0499381609261035,0.0863063856959343,0.0757704004645347,0.0815666913986206,0.0794948935508728
20240526104003,0.0718241035938263,0.0742796435952186,0.1112302839756012,53.69000054840774,0.0744150206446647,0.0840317979454994,0.0838752835988998,0.0503447614610195,0.0699080303311348,0.0650371387600898,0.0767599940299987,0.0756594091653823
20240526105003,0.0572497993707656,0.0646638572216034,0.1062345206737518,41.15521441210501,0.0608490742743015,0.0760476365685463,0.0823812112212181,0.050680223852396,0.0564748682081699,0.0578687787055969,0.0730657055974006,0.0724456310272216
20240526110003,0.0452856011688709,0.0583746135234832,0.1022223904728889,26.83332918205815,0.0507122427225112,0.0700951889157295,0.0818208456039428,0.0505848564207553,0.0456667244434356,0.0531608685851097,0.0699716508388519,0.0698119327425956
20240526111003,0.0357231050729751,0.0545206405222415,0.099004253745079,13.32449098023875,0.0434240289032459,0.0652979761362075,0.0819096490740776,0.050323236733675,0.0372771881520748,0.0503505542874336,0.0675803422927856,0.0673646703362464
20240526112003,0.0284242779016494,0.0526425763964653,0.0964889675378799,2.022031891962058,0.0385407283902168,0.0614534206688404,0.0822530537843704,0.0498641170561313,0.0313602164387702,0.0492746829986572,0.0657685622572898,0.0648030415177345
20240526113003,0.023123562335968,0.0516534931957721,0.0944888815283775,0.0,0.0354331992566585,0.0583414994180202,0.0824646577239036,0.0491804294288158,0.0272953286767005,0.0491022318601608,0.0646323338150978,0.0625539720058441
20240526114003,0.0191538706421852,0.0512826144695282,0.0929762944579124,0.0,0.0335732102394104,0.0558859780430793,0.082633838057518,0.0484766215085983,0.0244241636246442,0.049423724412918,0.0639425739645958,0.0607127584517002
20240526115003,0.0163320023566484,0.0512244552373886,0.0918764621019363,0.0,0.0326228365302085,0.053982213139534,0.0827846378087997,0.0476726554334163,0.022354420274496,0.0501555204391479,0.0634535402059555,0.0591910816729068
20240526120003,0.0141962263733148,0.051148883998394,0.0910813137888908,0.0,0.0322865769267082,0.0523584336042404,0.0827808380126953,0.0468845926225185,0.0209461711347103,0.0510386526584625,0.0631707310676574,0.0579901710152626
20240526121003,0.012588670477271,0.0512533150613307,0.0905206501483917,0.0,0.0322905071079731,0.0510160662233829,0.0827561765909195,0.0461658202111721,0.0200790353119373,0.0520079731941223,0.0629464387893676,0.0570727325975894
20240526122003,0.0114207100123167,0.0514310710132122,0.090081974864006,0.0,0.0325034707784652,0.0499345585703849,0.0826757997274398,0.0454891175031662,0.0196700897067785,0.0529479533433914,0.0626917257905006,0.0564188174903392
20240526123003,0.010548211634159,0.0515931025147438,0.0897424221038818,0.0,0.0328699648380279,0.0490855909883976,0.0825201421976089,0.0448703654110431,0.0195638909935951,0.0537969470024108,0.062468521296978,0.0559871867299079
20240526124003,0.0098489383235573,0.0517094209790229,0.0895173177123069,0.0,0.0332549884915351,0.0484371036291122,0.0823052823543548,0.0443410240113735,0.0196035485714674,0.0545092448592186,0.0623117536306381,0.0557474233210086
20240526125003,0.0091033391654491,0.0518392212688922,0.0893860310316085,0.0,0.0333102084696292,0.0479441285133361,0.0821219533681869,0.0439193770289421,0.0194771606475114,0.0551236718893051,0.0621683783829212,0.055592130869627
20240526130003,0.008630508556962,0.0518995895981788,0.0893676504492759,0.0,0.0332993753254413,0.0475723817944526,0.0819481238722801,0.0437247604131698,0.0194523464888334,0.0556310191750526,0.0621302276849746,0.0554871149361133
20240526131003,0.0086328471079468,0.0519030317664146,0.0893868282437324,0.0,0.0333002470433712,0.0475664101541042,0.0819732248783111,0.0437381193041801,0.0194463729858398,0.0556260272860527,0.0621445551514625,0.0555024184286594
20240526132003,0.0086348541080951,0.0519056916236877,0.0894016399979591,0.0,0.0333005525171756,0.0475615188479423,0.0819930732250213,0.0437481850385665,0.019441545009613,0.0556216090917587,0.0621557384729385,0.055514495819807
20240526133003,0.0086365388706326,0.0519077070057392,0.0894129499793052,0.0,0.0333004929125309,0.0475575812160968,0.0820085182785987,0.0437557287514209,0.0194376688450574,0.0556178465485572,0.0621643736958503,0.0555239394307136
20240526134003,0.008637897670269,0.0519092455506324,0.0894215032458305,0.0,0.0333002097904682,0.0475544221699237,0.0820204466581344,0.0437613390386104,0.0194345731288194,0.0556146949529647,0.0621709711849689,0.0555312633514404
20240526135003,0.0086389984935522,0.0519104115664958,0.0894278883934021,0.0,0.0332998447120189,0.047551903873682,0.0820295587182045,0.0437654815614223,0.0194321274757385,0.0556121170520782,0.0621759369969368,0.0555368773639202
20240526140003,0.0086398581042885,0.0519112758338451,0.0894325897097587,0.0,0.0332994535565376,0.0475499182939529,0.082036405801773,0.0437684804201126,0.0194302294403314,0.0556100457906723,0.0621796399354934,0.055541131645441
20240526141003,0.0086405239999294,0.0519119016826152,0.0894360169768333,0.0,0.0332990661263465,0.0475483760237693,0.0820415169000625,0.0437706485390663,0.0194287523627281,0.0556084066629409,0.0621823705732822,0.0555443167686462
20240526142003,0.0086410362273454,0.0519123449921608,0.0894384607672691,0.0,0.03329873457551,0.0475471578538417,0.0820452719926834,0.0437721833586692,0.0194276273250579,0.0556071028113365,0.0621843449771404,0.0555466823279857
20240526143003,0.0086414162069559,0.0519126541912555,0.0894401744008064,0.0,0.0332984253764152,0.0475462302565574,0.0820479765534401,0.0437732487916946,0.0194267686456441,0.0556061193346977,0.0621857456862926,0.0555483922362327
20240526144003,0.0086416956037282,0.0519128553569316,0.0894413664937019,0.0,0.0332981832325458,0.0475455112755298,0.0820498913526535,0.0437739752233028,0.019426142796874,0.0556053593754768,0.0621867328882217,0.0555496215820312
20240526145003,0.0086418911814689,0.0519129857420921,0.0894421637058258,0.0,0.0332979783415794,0.0475449711084365,0.0820512175559997,0.043774452060461,0.0194256715476512,0.0556048080325126,0.062187410891056,0.0555504895746707
20240526150003,0.0086420224979519,0.0519130602478981,0.0894426926970481,0.0,0.0332978330552578,0.0475445576012134,0.0820521265268325,0.0437747612595558,0.0194253381341695,0.0556044057011604,0.0621878653764724,0.0555510930716991
20240526151003,0.0086421137675642,0.0519131124019622,0.0894430056214332,0.0,0.0332977212965488,0.0475442484021186,0.0820527076721191,0.0437749549746513,0.0194250978529453,0.0556041225790977,0.0621881447732448,0.0555514879524707
20240526152003,0.008642166852951,0.0519131273031234,0.0894432067871093,0.0,0.0332976356148719,0.0475440248847007,0.0820530652999877,0.0437750518321991,0.0194249413907527,0.0556039363145828,0.0621883198618888,0.0555517487227916
20240526153003,0.0086422115564346,0.0519131310284137,0.0894433036446571,0.0,0.0332975797355175,0.0475438609719276,0.0820532962679863,0.0437751077115535,0.0194248333573341,0.0556038096547126,0.0621884278953075,0.0555519126355648
20240526154003,0.0086422283202409,0.0519131273031234,0.0894433632493019,0.0,0.0332975536584854,0.0475437380373477,0.0820534229278564,0.0437751412391662,0.0194247625768184,0.0556037202477455,0.062188483774662,0.0555520094931125
20240526155003,0.0086422376334667,0.0519131161272525,0.0894433856010437,0.0,0.0332975201308727,0.0475436598062515,0.0820534974336624,0.0437751524150371,0.0194247048348188,0.0556036680936813,0.0621885098516941,0.0555520690977573
20240526160003,0.0086422460153698,0.051913097500801,0.0894433706998825,0.0,0.0332975089550018,0.0475435890257358,0.0820535272359848,0.0437751524150371,0.0194246843457222,0.0556036382913589,0.062188521027565,0.0555520989000797
20240526161003,0.0086422534659504,0.0519130863249301,0.0894433930516243,0.0,0.0332975015044212,0.0475435480475425,0.0820535346865654,0.0437751524150371,0.0194246768951416,0.0556036159396171,0.0621885322034359,0.0555521175265312
20240526162003,0.0086422516033053,0.0519130751490592,0.0894433930516243,0.0,0.0332974977791309,0.0475435219705104,0.082053542137146,0.0437751486897468,0.0194246731698513,0.0556036084890365,0.0621885284781456,0.0555521287024021
20240526163003,0.0086422506719827,0.0519130751490592,0.0894433706998825,0.0,0.0332975015044212,0.0475435033440589,0.082053542137146,0.0437751449644565,0.0194246638566255,0.0556036010384559,0.0621885359287261,0.0555521361529827
20240526164003,0.0086422562599182,0.0519130602478981,0.0894433781504631,0.0,0.0332974977791309,0.0475434884428978,0.0820535570383071,0.0437751486897468,0.0194246713072061,0.0556035935878753,0.0621885359287261,0.0555521361529827
20240526165003,0.0086422525346279,0.0519130602478981,0.0894433706998825,0.0,0.0332974940538406,0.0475434847176075,0.0820535570383071,0.0437751486897468,0.0194246657192707,0.0556035861372947,0.0621885359287261,0.0555521361529827
20240603090003,0.3248888850212097,0.9840492010116576,0.1135579720139503,77.95810481729595,0.3209309875965118,0.9716873168945312,0.0966864377260208,0.0210515148937702,0.3163843154907226,0.9801673889160156,0.1431385278701782,0.0442271642386913
20240603091003,0.2933440506458282,0.6751925945281982,0.1396166533231735,123.69824496751701,0.3293757140636444,0.6625440716743469,0.1249733120203018,0.0471014268696308,0.2880984544754028,0.6669816970825195,0.1623152792453766,0.0839750915765762
20240603092003,0.2602508664131164,0.4887988269329071,0.1501453518867492,111.90214783289761,0.3058581352233886,0.475563645362854,0.1317970752716064,0.0568524301052093,0.2552883327007293,0.4711898267269134,0.1583988666534423,0.0990025922656059
20240603093003,0.2268532365560531,0.3571400046348572,0.1552276611328125,101.6817522818315,0.2723661363124847,0.3443347215652466,0.1292496621608734,0.0599637776613235,0.2228131294250488,0.3327934443950653,0.1490387916564941,0.1054584085941314
20240603094003,0.1945995539426803,0.2639492154121399,0.1556500345468521,97.81286712458905,0.2348765283823013,0.2532253563404083,0.1228880882263183,0.0593758672475814,0.1920807659626007,0.2361430078744888,0.1374811977148056,0.1067369580268859
20240603095003,0.1652021557092666,0.1984384655952453,0.1529009789228439,98.53653007329552,0.1973500996828079,0.1905059814453125,0.1160117462277412,0.0575681217014789,0.1634780764579773,0.1702259629964828,0.1265070885419845,0.1040445268154144
20240603100003,0.1391378194093704,0.1519503742456436,0.1474726796150207,97.15970557397335,0.1627130508422851,0.1477579623460769,0.109325461089611,0.0555076487362384,0.1376019120216369,0.1262072324752807,0.116293117403984,0.0991864800453186
20240603101003,0.1164142489433288,0.1186509951949119,0.1404514014720916,92.22949497352252,0.1324662864208221,0.1188067644834518,0.1030976995825767,0.0539329014718532,0.1149636730551719,0.096925638616085,0.107159599661827,0.093736246228218
20240603102003,0.0965693071484565,0.0945927873253822,0.1327031552791595,84.29289265901502,0.1070329323410987,0.099283829331398,0.0977787151932716,0.0531965494155883,0.0951124653220176,0.0773141086101532,0.0989951640367508,0.0882650688290596
20240603103003,0.0791267529129982,0.0780176296830177,0.1248825415968895,73.06793329795613,0.0863979309797287,0.0860082581639289,0.0934024974703788,0.0528227873146534,0.0782417953014373,0.0645471215248107,0.091522142291069,0.0829401761293411
20240603104003,0.0639987811446189,0.0665389522910118,0.1177412569522857,60.038632166848174,0.0702831223607063,0.0767731070518493,0.0898439884185791,0.0525144599378109,0.064073771238327,0.0564349070191383,0.0851094275712966,0.0782667621970176
20240603105003,0.0513221696019172,0.0590861588716506,0.1117066293954849,45.065835169056015,0.0579384453594684,0.0704500898718833,0.087334431707859,0.0519672408699989,0.0524624660611152,0.0512560978531837,0.0797235816717147,0.0744341015815734
20240603110003,0.040728859603405,0.0544110611081123,0.1067274212837219,29.030158315722247,0.0486943311989307,0.0656986236572265,0.0859133750200271,0.0513461008667945,0.04279251024127,0.0481920018792152,0.0752642378211021,0.0713375881314277
20240603111003,0.0322844423353672,0.0518935248255729,0.1024205088615417,14.639533482640047,0.0420902036130428,0.0619377568364143,0.0851673558354377,0.0507208444178104,0.0353572070598602,0.0467943996191024,0.071535974740982,0.0681898519396781
20240603112003,0.025964293628931,0.0507952868938446,0.0989178791642189,2.319728490733553,0.0375230722129344,0.0589213632047176,0.0848071277141571,0.0500404499471187,0.0299805365502834,0.0468643084168434,0.0687818601727485,0.0653005763888359
20240603113003,0.0212269779294729,0.0502402856945991,0.0962157249450683,0.0,0.0346132814884185,0.0564630031585693,0.0843452215194702,0.0492053963243961,0.0262820906937122,0.0474583581089973,0.0668646469712257,0.0629369243979454
20240603114003,0.017869833856821,0.0502111725509166,0.0942523553967475,0.0,0.0330081917345523,0.0545313917100429,0.084036611020565,0.048347357660532,0.0236552767455577,0.0484201908111572,0.065534271299839,0.0609801523387432
20240603115003,0.0154227539896965,0.0504573248326778,0.092836245894432,0.0,0.0322019569575786,0.0529974102973938,0.0838239043951034,0.0475191734731197,0.0217649191617965,0.049561969935894,0.0646002069115638,0.0594176240265369
20240603120003,0.0135295120999217,0.0506719090044498,0.0918043106794357,0.0,0.031941007822752,0.0516864359378814,0.0835912302136421,0.0467862784862518,0.020494433119893,0.0507125928997993,0.0639916360378265,0.0581999234855175
20240603121003,0.0120893009006977,0.0509646758437156,0.0910444781184196,0.0,0.0319900847971439,0.0505797415971756,0.0833715200424194,0.0461142845451831,0.0197397451847791,0.0517975389957428,0.0634913891553878,0.0572459399700164
20240603122003,0.0110531523823738,0.0512892678380012,0.0904382839798927,0.0,0.0322577282786369,0.049663383513689,0.0830996334552764,0.0454872660338878,0.0194386579096317,0.0527965277433395,0.0630129426717758,0.056514348834753
20240603123003,0.0103007750585675,0.051556073129177,0.0900020375847816,0.0,0.0326777957379817,0.0489594042301178,0.0828396156430244,0.0448932647705078,0.0193836763501167,0.0537015870213508,0.0626846328377723,0.0560741759836673
20240603124003,0.0096636097878217,0.0517232865095138,0.089673712849617,0.0,0.0331070907413959,0.0483920238912105,0.0825218111276626,0.0443630628287792,0.0194571521133184,0.054461658000946,0.062439426779747,0.0558280870318412
20240603125003,0.0090213138610124,0.0518591254949569,0.0894569531083107,0.0,0.0332528948783874,0.0479311645030975,0.0822185948491096,0.0439270250499248,0.019419752061367,0.0551227629184722,0.0622244849801063,0.0556424781680107
20240603130003,0.0086333621293306,0.0519015677273273,0.0893815904855728,0.0,0.0332981124520301,0.0475663319230079,0.0819687321782112,0.0437336713075637,0.0194480083882808,0.055624634027481,0.0621416047215461,0.0554992370307445
20240603131003,0.008634952828288,0.0519044138491153,0.0893968045711517,0.0,0.0332995578646659,0.0475619547069072,0.0819879323244094,0.043744821101427,0.0194433499127626,0.0556214302778244,0.0621525943279266,0.0555110611021518
20240603132003,0.0086363973096013,0.0519066639244556,0.0894087627530098,0.0,0.0333001725375652,0.0475582890212535,0.0820035636425018,0.0437531657516956,0.0194394160062074,0.0556183233857154,0.0621614307165145,0.0555206649005413
20240603133003,0.0086376490071415,0.0519084185361862,0.0894180536270141,0.0,0.0333002842962741,0.0475552417337894,0.0820160210132598,0.0437594056129455,0.0194361396133899,0.055615484714508,0.0621683970093727,0.0555283464491367
20240603134003,0.008638709783554,0.0519097633659839,0.0894251465797424,0.0,0.0333001054823398,0.0475527346134185,0.0820258036255836,0.0437640361487865,0.0194334741681814,0.0556130036711692,0.0621738024055957,0.0555344000458717
20240603135003,0.0086395740509033,0.051910787820816,0.0894304811954498,0.0,0.0332997851073741,0.0475506894290447,0.0820333808660507,0.0437674410641193,0.0194313339889049,0.0556109026074409,0.0621779561042785,0.0555391050875186
20240603140003,0.0086402669548988,0.0519115515053272,0.0894344449043273,0.0,0.0332994125783443,0.0475490540266037,0.0820391550660133,0.0437699034810066,0.0194296427071094,0.055609181523323,0.0621810667216777,0.0555427223443985
20240603141003,0.0086408145725727,0.0519120879471302,0.0894373282790184,0.0,0.0332990400493145,0.047547735273838,0.0820434689521789,0.0437716618180274,0.019428327679634,0.0556077659130096,0.0621833726763725,0.0555454567074775
20240603142003,0.0086412280797958,0.0519124828279018,0.0894393771886825,0.0,0.0332987010478973,0.047546699643135,0.0820466578006744,0.0437729097902774,0.0194273181259632,0.0556066483259201,0.0621850490570068,0.0555474795401096
20240603143003,0.0086415633559226,0.0519127361476421,0.0894408524036407,0.0,0.0332984179258346,0.0475458987057209,0.0820489600300788,0.0437737703323364,0.0194265507161617,0.0556057766079902,0.0621862523257732,0.0555489771068096
20240603144003,0.008641785942018,0.051912922412157,0.0894418358802795,0.0,0.0332981646060943,0.0475452691316604,0.0820505991578102,0.0437743328511714,0.0194259714335203,0.0556051209568977,0.0621870905160903,0.0555500462651252
20240603145003,0.0086419470608234,0.051913034170866,0.089442491531372,0.0,0.0332979634404182,0.0475447922945022,0.0820517092943191,0.0437746979296207,0.0194255411624908,0.0556046366691589,0.0621876716613769,0.0555507913231849
20240603150003,0.0086420634761452,0.051913097500801,0.0894429087638855,0.0,0.0332978144288063,0.0475444346666336,0.0820524618029594,0.0437749288976192,0.0194252468645572,0.0556042864918708,0.0621880367398262,0.0555513016879558
20240603151003,0.0086421491578221,0.051913134753704,0.0894431620836258,0.0,0.0332977063953876,0.0475441701710224,0.0820529460906982,0.0437750630080699,0.0194250419735908,0.0556040406227111,0.0621882677078247,0.0555516295135021
20240603152003,0.0086421873420476,0.0519131459295749,0.0894433036446571,0.0,0.0332976356148719,0.047543965280056,0.0820532441139221,0.0437751300632953,0.0194248966872692,0.0556038692593574,0.062188409268856,0.0555518455803394
20240603153003,0.0086422227323055,0.0519131459295749,0.0894433781504631,0.0,0.0332975797355175,0.0475438237190246,0.0820534154772758,0.0437751598656177,0.0194247998297214,0.055603764951229,0.062188483774662,0.0555519871413707
20240603154003,0.008642241358757,0.0519131273031234,0.0894434005022049,0.0,0.0332975424826145,0.0475437194108963,0.0820535123348236,0.0437751784920692,0.019424732774496,0.0556036904454231,0.062188521027565,0.0555520541965961
20240603155003,0.0086422450840473,0.0519131198525428,0.089443415403366,0.0,0.0332975126802921,0.0475436374545097,0.0820535495877265,0.0437751747667789,0.0194246899336576,0.0556036457419395,0.0621885359287261,0.0555520989000797
20240603160003,0.0086422506719827,0.0519131049513816,0.0894434005022049,0.0,0.0332975015044212,0.0475435853004455,0.0820535570383071,0.0437751673161983,0.0194246750324964,0.0556036308407783,0.0621885433793067,0.0555521175265312
20240603161003,0.0086422497406601,0.0519130900502204,0.0894434079527854,0.0,0.0332974940538406,0.0475435480475425,0.0820535570383071,0.0437751598656177,0.019424669444561,0.0556036084890365,0.0621885396540164,0.0555521324276924
20240603162003,0.0086422590538859,0.0519130788743495,0.0894433930516243,0.0,0.0332974903285503,0.0475435145199298,0.0820535570383071,0.0437751524150371,0.0194246619939804,0.0556036010384559,0.0621885433793067,0.0555521324276924
20240603163003,0.0086422534659504,0.0519130751490592,0.0894433781504631,0.0,0.0332975015044212,0.0475434996187686,0.0820535495877265,0.0437751412391662,0.0194246657192707,0.0556035935878753,0.0621885396540164,0.0555521473288536
20240603164003,0.008642254397273,0.0519130676984787,0.0894433781504631,0.0,0.0332974940538406,0.0475434884428978,0.0820535495877265,0.0437751449644565,0.0194246657192707,0.0556035861372947,0.0621885322034359,0.055552139878273
20240603165003,0.0086422599852085,0.0519130602478981,0.0894433706998825,0.0,0.0332974940538406,0.0475434847176075,0.0820535570383071,0.0437751486897468,0.0194246675819158,0.0556035861372947,0.0621885359287261,0.0555521361529827
20240620090003,0.8651673793792725,0.2580933272838592,0.6674401164054871,998.8661138087355,0.8492421507835388,0.2414979487657547,0.5787992477416992,0.3846927583217621,0.8600777983665466,0.2778199911117553,0.7654812335968018,0.4715107083320617
20240620091003,0.5837665796279907,0.3948792517185211,0.3989879488945007,482.9460603059056,0.5581837892532349,0.3852530121803283,0.3284193277359009,0.187150165438652,0.5900569558143616,0.3668176531791687,0.3958635926246643,0.2709152102470398
20240620092003,0.4283865690231323,0.3906165659427643,0.2678567767143249,234.12877386239091,0.4132153689861297,0.3824265003204345,0.2134592831134796,0.1082598268985748,0.4279271364212036,0.3666729032993316,0.2394905984401703,0.1904333382844925
20240620093003,0.3143339455127716,0.3528221845626831,0.1873158812522888,90.88858613736375,0.3098427951335907,0.3488283157348633,0.1444836407899856,0.0679291188716888,0.3096915483474731,0.3347894549369812,0.145715981721878,0.1414789110422134
20240620094003,0.2305467128753662,0.3035211861133575,0.1391884386539459,10.823267311836787,0.2349751740694046,0.3047032654285431,0.1048510745167732,0.0485668182373046,0.2241179049015045,0.2907897233963012,0.0911776348948478,0.1115923076868057
20240620095003,0.1686647534370422,0.2526309490203857,0.1117366403341293,0.0,0.1797544658184051,0.2595430612564087,0.0818405076861381,0.0399628952145576,0.1629451215267181,0.2458803355693817,0.0606207177042961,0.0932349935173988
20240620100003,0.1236753612756729,0.2059782296419143,0.0970337837934494,0.0,0.1384836435317993,0.2180964946746826,0.0697696208953857,0.0371238440275192,0.1193912103772163,0.2048056274652481,0.0449753478169441,0.0819815993309021
20240620101003,0.0914265066385269,0.1662601381540298,0.0897064879536628,0.0,0.1069557219743728,0.1820392161607742,0.0648446455597877,0.0372388772666454,0.0883504524827003,0.1696306318044662,0.0384476296603679,0.0746833980083465
20240620102003,0.0683475285768508,0.1340798586606979,0.0860985964536666,0.0,0.0826781541109085,0.1514099240303039,0.064171515405178,0.0383502468466758,0.0660268366336822,0.1404272466897964,0.0375904589891433,0.0701262652873992
20240620103003,0.0513274110853672,0.1097634509205818,0.0848279148340225,0.0,0.0643637254834175,0.1261651962995529,0.0655034184455871,0.0396619588136673,0.0500817261636257,0.1167464777827262,0.0397460870444774,0.0674243420362472
20240620104003,0.0386994704604148,0.0915616825222969,0.0852972567081451,0.0,0.0517611652612686,0.1070516631007194,0.0675422474741935,0.0414481721818447,0.038696140050888,0.0984571278095245,0.0431253239512443,0.0653265789151191
20240620105003,0.0294190254062414,0.0785748809576034,0.0865835696458816,0.0,0.0433006882667541,0.0929255113005638,0.0696935579180717,0.0427174530923366,0.0309829860925674,0.0850975960493087,0.0466416180133819,0.0634295865893364
20240620110003,0.0225486215204,0.0697578340768814,0.0878272727131843,0.0,0.0375894270837307,0.0823711231350898,0.0719754695892334,0.0436452329158782,0.0255484580993652,0.0753392502665519,0.0498944036662578,0.0623296611011028
20240620111003,0.0178700760006904,0.063769906759262,0.0887926965951919,0.0,0.0338964164257049,0.0743593201041221,0.0742909535765647,0.0443833284080028,0.0218464210629463,0.0684062540531158,0.0528418719768524,0.0615323111414909
20240620112003,0.0147997308522462,0.0598427392542362,0.089264765381813,0.0,0.0317775048315525,0.0683153271675109,0.0761439502239227,0.0447294786572456,0.0196992456912994,0.0634902194142341,0.0551045648753643,0.0605488717555999
20240620113003,0.0128367580473423,0.057203397154808,0.0895121097564697,0.0,0.0306553784757852,0.0635099560022354,0.0777476206421852,0.0449554659426212,0.0184561852365732,0.0600269809365272,0.0569610446691513,0.0595583617687225
20240620114003,0.0116337714716792,0.055485513061285,0.0896144211292266,0.0,0.0301745776087045,0.0597099997103214,0.0790967270731926,0.0451468639075756,0.0178392678499221,0.0575646236538887,0.0584138333797454,0.0586493201553821
20240620115003,0.0109410770237445,0.0543598681688308,0.0896067842841148,0.0,0.0301517713814973,0.0567234754562377,0.0801497250795364,0.0452300831675529,0.0176597107201814,0.0558999180793762,0.0595401339232921,0.057924423366785
20240620120003,0.0105288904160261,0.0534383431077003,0.0895719975233078,0.0,0.0304738953709602,0.0543053373694419,0.0809899941086769,0.0451071895658969,0.0176622979342937,0.0549315810203552,0.0604246780276298,0.0573748871684074
20240620121003,0.0102489413693547,0.05286830291152,0.0895082131028175,0.0,0.0308923963457345,0.0523274429142475,0.0817385017871856,0.0448735691606998,0.0177868120372295,0.0544857159256935,0.0610641129314899,0.0569687448441982
20240620122003,0.0099485032260417,0.0525401532649993,0.0894868522882461,0.0,0.0313675068318843,0.0507557243108749,0.0823312252759933,0.0445833802223205,0.0179582964628934,0.0544017776846885,0.0615227073431015,0.056618720293045
20240620123003,0.0097174840047955,0.0523258447647094,0.0894877687096595,0.0,0.0319378860294818,0.0495334453880786,0.0826590731739997,0.0443182066082954,0.018254417926073,0.0545452684164047,0.0618796199560165,0.0563374795019626
20240620124003,0.0095075042918324,0.0521665513515472,0.0894930958747863,0.0,0.032548364251852,0.0486165955662727,0.0827288776636123,0.0440965183079242,0.0186558458954095,0.0548148974776268,0.0621286183595657,0.0560973957180976
20240620125003,0.0090970415621995,0.0520015060901641,0.0894285812973976,0.0,0.0330428034067153,0.0479599758982658,0.0824408829212188,0.0438582375645637,0.0190755631774663,0.0551956817507743,0.0621881857514381,0.0558410473167896
20240620130003,0.0086197778582572,0.0519100874662399,0.0893860012292862,0.0,0.033294953405857,0.0475740619003772,0.0819679796695709,0.0437251962721347,0.019439298659563,0.0556420534849166,0.0621418431401252,0.0554978847503662
20240620131003,0.0086258891969919,0.051910862326622,0.089404858648777,0.0,0.0332953929901123,0.0475650690495967,0.0819949209690094,0.0437395125627517,0.0194349326193332,0.0556307509541511,0.0621575638651847,0.0555150918662548
20240620132003,0.0086302682757377,0.0519113503396511,0.0894176438450813,0.0,0.033295914530754,0.0475587770342826,0.0820132717490196,0.0437500439584255,0.0194319672882556,0.0556228458881378,0.062168002128601,0.0555269457399845
20240620133003,0.0086335353553295,0.0519118048250675,0.0894264876842498,0.0,0.0332963168621063,0.0475543066859245,0.0820262879133224,0.0437577292323112,0.0194297991693019,0.0556171312928199,0.0621751546859741,0.0555352829396724
20240620134003,0.0086359791457653,0.0519121885299682,0.0894325748085975,0.0,0.033296626061201,0.0475511290132999,0.0820354372262954,0.0437632836401462,0.0194282215088605,0.0556129962205886,0.0621800124645233,0.055541094392538
20240620135003,0.008637779392302,0.0519124902784824,0.0894366949796676,0.0,0.0332968384027481,0.047548871487379,0.082041785120964,0.0437672175467014,0.0194271057844162,0.0556100383400917,0.062183279544115,0.0555450953543186
20240620140003,0.008639084175229,0.0519127324223518,0.0894394516944885,0.0,0.0332970023155212,0.0475472807884216,0.0820461586117744,0.0437699779868125,0.0194262862205505,0.0556079298257827,0.0621854476630687,0.0555477887392044
20240620141003,0.0086400602012872,0.0519129149615764,0.0894412621855735,0.0,0.0332971215248107,0.0475461594760417,0.0820491164922714,0.0437718965113163,0.0194257199764251,0.0556064471602439,0.0621868707239627,0.0555496104061603
20240620142003,0.0086407642811536,0.0519130565226078,0.0894424021244049,0.0,0.0332971960306167,0.0475453846156597,0.082051083445549,0.0437731742858886,0.0194253176450729,0.0556054338812828,0.0621877610683441,0.055550780147314
20240620143003,0.0086412671953439,0.0519131422042846,0.0894430950284004,0.0,0.0332972556352615,0.0475448295474052,0.082052357494831,0.0437740199267864,0.0194250401109457,0.0556047260761261,0.0621883124113082,0.0555515065789222
20240620144003,0.0086416145786643,0.0519131943583488,0.0894434750080108,0.0,0.0332973003387451,0.0475444421172142,0.0820531249046325,0.0437745563685894,0.0194248594343662,0.055604264140129,0.0621886141598224,0.0555519573390483
20240620145003,0.0086418492719531,0.0519132167100906,0.0894436538219451,0.0,0.0332973338663578,0.0475441664457321,0.0820535719394683,0.0437748841941356,0.0194247420877218,0.0556039586663246,0.0621887594461441,0.0555521957576274
20240620150003,0.0086420159786939,0.0519132129848003,0.0894437432289123,0.0,0.0332973562180995,0.0475439727306366,0.0820537880063057,0.0437750704586505,0.0194246768951416,0.055603764951229,0.0621888227760791,0.0555523186922073
20240620151003,0.0086421212181448,0.05191320925951,0.0894437432289123,0.0,0.0332973897457122,0.0475438386201858,0.0820538699626922,0.0437751673161983,0.0194246377795934,0.0556036606431007,0.0621888190507888,0.0555523596704006
20240620152003,0.0086421901360154,0.0519131906330585,0.0894436985254287,0.0,0.0332974083721637,0.047543741762638,0.0820538848638534,0.0437752045691013,0.0194246191531419,0.0556035935878753,0.0621888004243373,0.0555523633956909
20240620153003,0.0086422190070152,0.0519131757318973,0.0894436463713646,0.0,0.0332974195480346,0.0475436821579933,0.0820538476109504,0.0437752194702625,0.0194246061146259,0.0556035637855529,0.0621887482702732,0.0555523335933685
20240620154003,0.008642241358757,0.0519131571054458,0.0894435867667198,0.0,0.0332974418997764,0.0475436262786388,0.0820537880063057,0.0437752157449722,0.0194246098399162,0.0556035637855529,0.0621887035667896,0.0555523037910461
20240620155003,0.0086422525346279,0.0519131459295749,0.089443527162075,0.0,0.033297449350357,0.0475435890257358,0.0820537358522415,0.0437752082943916,0.0194246135652065,0.0556035637855529,0.0621886514127254,0.0555522553622722
20240620160003,0.0086422497406601,0.0519131273031234,0.0894434824585914,0.0,0.0332974568009376,0.0475435592234134,0.0820536762475967,0.0437751971185207,0.0194246228784322,0.0556035712361335,0.0621886178851127,0.0555522181093692
20240620161003,0.0086422534659504,0.0519131049513816,0.0894434601068496,0.0,0.0332974642515182,0.0475435368716716,0.0820536389946937,0.0437751747667789,0.0194246284663677,0.0556035712361335,0.0621885880827903,0.0555521957576274
20240620162003,0.0086422562599182,0.0519130825996398,0.0894434303045272,0.0,0.0332974791526794,0.0475435182452201,0.0820536017417907,0.0437751673161983,0.0194246433675289,0.0556035786867141,0.0621885731816291,0.0555521845817565
20240620163003,0.0086422525346279,0.0519130751490592,0.0894434005022049,0.0,0.03329748660326,0.0475435107946395,0.0820535868406295,0.0437751561403274,0.0194246470928192,0.0556035786867141,0.0621885545551776,0.0555521622300148
20240620164003,0.0086422562599182,0.0519130751490592,0.0894433856010437,0.0,0.0332974903285503,0.0475434958934783,0.0820535570383071,0.0437751486897468,0.0194246619939804,0.0556035935878753,0.062188547104597,0.0555521473288536
20240620165003,0.0086422599852085,0.0519130676984787,0.0894433781504631,0.0,0.0332974940538406,0.047543492168188,0.0820535644888877,0.0437751449644565,0.0194246638566255,0.0556035935878753,0.0621885396540164,0.0555521473288536
