Position_ID,Year,Month,Day,Hour,StnPres,SeaPres,Temperature,Td dew point,RH,WS,WD,WSGust,WDGust,Precp,PrecpHour,SunShine,GloblRad,Visb,UVI,Cloud Amount,TxSoil0cm,TxSoil5cm,TxSoil10cm,TxSoil20cm,TxSoil30cm,TxSoil50cm,TxSoil100cm
466990,2024,06,01,01,1008.8,1011.0,27.6,25.2,87,1.7,260,3.4,260,0.0,0.0,--,0.00,--,0,--,--,--,--,--,--,--,--
466990,2024,06,01,02,1008.8,1011.0,27.5,25.0,86,1.4,260,3.3,240,0.0,0.0,--,0.00,--,0,--,--,--,--,--,--,--,--
466990,2024,06,01,03,1008.7,1010.9,27.4,24.9,86,1.6,270,2.6,270,0.0,0.0,--,0.00,--,0,--,--,--,--,--,--,--,--
466990,2024,06,01,04,1009.1,1011.3,27.1,24.9,88,3.7,240,5.8,230,0.0,0.0,--,0.00,--,0,--,--,--,--,--,--,--,--
466990,2024,06,01,05,1009.0,1011.2,27.2,24.7,86,3.0,240,5.8,230,0.0,0.0,--,0.00,--,0,--,27.2,27.2,27.6,27.9,28.5,29.1,27.5
466990,2024,06,01,06,1009.5,1011.7,27.4,24.9,86,2.6,240,5.4,220,0.0,0.0,0.0,0.05,--,0,--,--,--,--,--,--,--,--
466990,2024,06,01,07,1009.9,1012.1,27.7,25.0,85,2.5,250,4.4,260,0.0,0.0,0.0,0.22,--,0,--,--,--,--,--,--,--,--
466990,2024,06,01,08,1009.9,1012.1,28.9,25.3,81,2.0,250,4.5,240,0.0,0.0,0.1,0.62,20.0,1,9.0,--,--,--,--,--,--,--
466990,2024,06,01,09,1010.0,1012.2,30.0,25.8,78,1.4,170,3.3,260,0.0,0.0,0.3,1.72,20.0,4,9.0,28.0,27.5,27.6,27.6,28.2,29.0,27.5
466990,2024,06,01,10,1010.1,1012.3,29.5,25.9,81,1.2,110,2.2,160,T,0.2,0.0,0.83,--,3,--,--,--,--,--,--,--,--
466990,2024,06,01,11,1009.5,1011.7,30.7,26.0,76,1.4,110,2.7,90,T,0.4,0.0,1.05,20.0,4,9.0,--,--,--,--,--,--,--
466990,2024,06,01,12,1008.9,1011.1,30.3,25.2,74,2.3,70,3.7,50,0.0,0.0,0.1,0.81,--,3,--,--,--,--,--,--,--,--
466990,2024,06,01,13,1008.0,1010.2,30.5,25.4,74,2.4,70,4.6,60,0.0,0.0,0.0,1.42,--,6,--,--,--,--,--,--,--,--
466990,2024,06,01,14,1007.9,1010.1,29.7,25.2,77,2.2,80,3.8,100,0.0,0.0,0.0,0.61,15.0,3,9.0,28.6,28.5,28.7,28.1,28.3,29.0,27.6
466990,2024,06,01,15,1007.7,1009.9,29.0,25.8,83,2.2,360,4.0,350,T,0.9,0.0,0.51,--,2,--,--,--,--,--,--,--,--
466990,2024,06,01,16,1007.3,1009.5,29.0,25.6,82,2.5,20,4.0,40,T,0.3,0.0,0.46,--,1,--,--,--,--,--,--,--,--
466990,2024,06,01,17,1007.2,1009.4,29.0,25.6,82,2.0,360,4.1,30,T,0.1,0.0,0.27,15.0,1,10.0,--,--,--,--,--,--,--
466990,2024,06,01,18,1007.8,1010.0,28.5,25.9,86,3.6,30,6.3,40,T,0.1,0.0,0.08,--,0,--,--,--,--,--,--,--,--
466990,2024,06,01,19,1008.2,1010.4,27.3,25.9,92,2.8,30,6.7,30,T,0.3,0.0,0.00,--,0,--,--,--,--,--,--,--,--
466990,2024,06,01,20,1008.5,1010.7,27.2,25.4,90,2.4,360,4.6,40,0.0,0.0,--,0.00,--,0,--,--,--,--,--,--,--,--
466990,2024,06,01,21,1009.0,1011.2,27.4,25.6,90,2.7,20,5.1,10,T,0.1,--,0.00,--,0,--,27.6,27.7,28.1,28.2,28.6,29.1,27.7
466990,2024,06,01,22,1009.2,1011.4,26.3,25.3,94,3.5,20,7.1,30,1.5,0.7,--,0.00,--,0,--,--,--,--,--,--,--,--
466990,2024,06,01,23,1008.7,1010.9,25.9,24.9,94,2.9,20,6.7,20,T,0.2,--,0.00,--,0,--,--,--,--,--,--,--,--
466990,2024,06,01,24,1008.1,1010.3,25.7,24.7,94,3.5,20,6.4,20,T,0.3,--,0.00,--,0,--,--,--,--,--,--,--,--
466990,2024,06,02,01,1007.4,1009.6,25.7,24.7,94,2.2,20,5.5,20,T,0.1,--,0.00,--,0,--,--,--,--,--,--,--,--
466990,2024,06,02,02,1007.0,1009.2,25.6,24.4,93,3.1,30,5.3,10,0.0,0.0,--,0.00,--,0,--,--,--,--,--,--,--,--
466990,2024,06,02,03,1006.6,1008.8,25.6,24.2,92,1.8,10,5.9,20,T,0.1,--,0.00,--,0,--,--,--,--,--,--,--,--
466990,2024,06,02,04,1006.3,1008.5,25.6,24.6,94,2.1,30,3.6,20,T,0.1,--,0.00,--,0,--,--,--,--,--,--,--,--
466990,2024,06,02,05,1006.4,1008.6,25.5,24.5,94,2.0,20,3.9,30,T,0.1,--,0.00,--,0,--,26.4,26.5,26.9,27.2,28.0,28.9,27.7
466990,2024,06,02,06,1006.8,1009.0,25.7,24.5,93,0.9,20,2.5,350,T,0.1,0.0,0.04,--,0,--,--,--,--,--,--,--,--
466990,2024,06,02,07,1006.9,1009.1,26.1,24.9,93,1.2,30,2.1,340,T,0.2,0.0,0.19,--,0,--,--,--,--,--,--,--,--
466990,2024,06,02,08,1007.2,1009.4,26.0,25.0,94,0.4,190,1.9,20,T,0.6,0.0,0.21,8.0,0,10.0,--,--,--,--,--,--,--
466990,2024,06,02,09,1006.8,1009.0,26.3,25.3,94,0.6,170,2.4,190,T,0.5,0.0,0.49,10.0,1,10.0,26.6,26.5,26.8,26.9,27.8,28.7,27.8
466990,2024,06,02,10,1006.6,1008.8,26.3,25.1,93,1.3,110,2.2,150,0.0,0.0,0.0,0.38,--,1,--,--,--,--,--,--,--,--
466990,2024,06,02,11,1006.1,1008.3,26.5,24.9,91,0.9,200,1.9,140,T,0.5,0.0,0.59,8.0,2,10.0,--,--,--,--,--,--,--
466990,2024,06,02,12,1005.2,1007.4,26.5,24.9,91,1.1,180,2.9,180,T,1.0,0.0,0.68,--,3,--,--,--,--,--,--,--,--
466990,2024,06,02,13,1004.2,1006.4,26.4,25.4,94,1.6,170,2.6,180,T,1.0,0.0,0.59,--,2,--,--,--,--,--,--,--,--
466990,2024,06,02,14,1003.7,1005.9,26.4,25.0,92,1.6,80,2.4,80,T,0.3,0.0,0.53,10.0,2,10.0,27.0,26.9,27.3,27.0,27.7,28.5,27.8
466990,2024,06,02,15,1003.0,1005.2,26.1,24.7,92,4.9,60,8.1,50,0.0,0.0,0.0,0.38,--,1,--,--,--,--,--,--,--,--
466990,2024,06,02,16,1002.6,1004.8,25.4,23.5,89,5.9,30,11.5,30,T,0.1,0.0,0.19,--,1,--,--,--,--,--,--,--,--
466990,2024,06,02,17,1002.6,1004.8,25.2,23.4,90,4.4,20,10.0,30,0.5,1.0,0.0,0.17,6.0,0,10.0,--,--,--,--,--,--,--
466990,2024,06,02,18,1002.8,1005.0,24.7,23.3,92,4.2,20,9.9,20,1.0,1.0,0.0,0.09,--,0,--,--,--,--,--,--,--,--
466990,2024,06,02,19,1003.4,1005.6,24.3,23.1,93,3.7,10,8.5,30,0.5,0.8,0.0,0.01,--,0,--,--,--,--,--,--,--,--
466990,2024,06,02,20,1003.6,1005.8,24.8,22.9,89,4.5,30,8.5,360,1.5,0.8,--,0.00,--,0,--,--,--,--,--,--,--,--
466990,2024,06,02,21,1004.1,1006.3,25.0,23.3,90,2.4,360,7.9,60,T,0.3,--,0.00,--,0,--,25.5,25.7,26.3,26.7,27.5,28.4,27.8
466990,2024,06,02,22,1004.5,1006.7,24.6,23.4,93,2.4,10,5.9,30,2.5,1.0,--,0.00,--,0,--,--,--,--,--,--,--,--
466990,2024,06,02,23,1004.4,1006.6,24.2,23.4,95,0.6,30,4.4,350,1.5,1.0,--,0.00,--,0,--,--,--,--,--,--,--,--
466990,2024,06,02,24,1004.0,1006.2,23.4,22.6,95,4.3,40,8.3,20,T,0.8,--,0.00,--,0,--,--,--,--,--,--,--,--
466990,2024,06,03,01,1003.4,1005.6,22.8,21.8,94,5.6,40,11.6,40,T,0.5,--,0.00,--,0,--,--,--,--,--,--,--,--
466990,2024,06,03,02,1003.2,1005.4,22.8,21.4,92,3.8,40,8.6,30,0.5,0.8,--,0.00,--,0,--,--,--,--,--,--,--,--
466990,2024,06,03,03,1003.2,1005.4,23.1,21.4,90,3.4,40,7.4,40,T,0.7,--,0.00,--,0,--,--,--,--,--,--,--,--
466990,2024,06,03,04,1003.5,1005.7,23.5,21.2,87,3.6,40,8.2,40,0.0,0.0,--,0.00,--,0,--,--,--,--,--,--,--,--
466990,2024,06,03,05,1004.1,1006.3,23.6,21.1,86,2.2,20,6.0,360,0.0,0.0,--,0.00,--,0,--,24.3,24.6,25.2,25.7,26.9,27.9,27.8
466990,2024,06,03,06,1004.8,1007.0,23.7,21.0,85,3.6,40,7.9,30,0.0,0.0,0.0,0.04,--,0,--,--,--,--,--,--,--,--
466990,2024,06,03,07,1005.3,1007.5,23.8,21.1,85,3.7,40,7.8,40,0.0,0.0,0.0,0.12,--,0,--,--,--,--,--,--,--,--
466990,2024,06,03,08,1006.0,1008.2,23.9,20.5,81,4.1,40,8.9,40,0.0,0.0,0.0,0.29,15.0,1,10.0,--,--,--,--,--,--,--
466990,2024,06,03,09,1006.6,1008.8,24.1,20.2,79,4.9,50,10.0,60,0.0,0.0,0.0,0.50,15.0,1,10.0,24.0,24.4,25.0,25.3,26.5,27.6,27.7
466990,2024,06,03,10,1006.6,1008.8,24.3,19.8,76,4.1,60,9.1,80,0.0,0.0,0.0,0.68,--,2,--,--,--,--,--,--,--,--
466990,2024,06,03,11,1006.6,1008.8,24.4,19.9,76,4.6,50,9.2,60,0.0,0.0,0.0,0.67,15.0,3,10.0,--,--,--,--,--,--,--
466990,2024,06,03,12,1006.4,1008.6,23.9,19.4,76,0.7,350,8.0,40,0.0,0.0,0.0,0.64,--,3,--,--,--,--,--,--,--,--
466990,2024,06,03,13,1005.9,1008.1,24.4,20.1,77,0.7,60,3.0,60,0.0,0.0,0.0,0.50,--,2,--,--,--,--,--,--,--,--
466990,2024,06,03,14,1006.1,1008.3,24.6,20.3,77,0.6,40,2.6,310,0.0,0.0,0.0,0.61,15.0,2,10.0,24.5,24.7,25.2,25.3,26.3,27.4,27.7
466990,2024,06,03,15,1006.4,1008.6,24.2,20.1,78,1.6,350,2.7,360,0.0,0.0,0.0,0.27,--,1,--,--,--,--,--,--,--,--
466990,2024,06,03,16,1006.6,1008.8,22.5,20.8,90,2.2,290,4.3,70,0.5,0.6,0.0,0.13,--,0,--,--,--,--,--,--,--,--
466990,2024,06,03,17,1007.3,1009.5,22.6,20.5,88,1.9,280,3.8,270,T,0.2,0.0,0.14,10.0,0,10.0,--,--,--,--,--,--,--
466990,2024,06,03,18,1007.9,1010.1,22.8,20.5,87,1.8,280,3.4,290,T,0.1,0.0,0.06,--,0,--,--,--,--,--,--,--,--
466990,2024,06,03,19,1008.6,1010.8,22.8,20.9,89,1.9,250,3.2,260,0.0,0.0,0.0,0.01,--,0,--,--,--,--,--,--,--,--
466990,2024,06,03,20,1009.1,1011.3,22.6,21.1,91,1.9,270,4.1,240,0.0,0.0,--,0.00,--,0,--,--,--,--,--,--,--,--
466990,2024,06,03,21,1009.9,1012.1,22.5,20.6,89,2.6,260,4.2,260,0.0,0.0,--,0.00,--,0,--,24.0,24.2,24.8,25.1,26.2,27.2,27.6
466990,2024,06,03,22,1010.6,1012.8,22.6,20.1,86,1.8,290,5.1,240,0.0,0.0,--,0.00,--,0,--,--,--,--,--,--,--,--
466990,2024,06,03,23,1010.3,1012.5,22.2,20.3,89,3.7,250,6.4,240,0.0,0.0,--,0.00,--,0,--,--,--,--,--,--,--,--
466990,2024,06,03,24,1009.7,1011.9,22.3,19.9,86,2.6,260,4.8,240,0.0,0.0,--,0.00,--,0,--,--,--,--,--,--,--,--
466990,2024,06,04,01,1009.1,1011.3,22.1,19.3,84,3.0,240,5.7,250,0.0,0.0,--,0.00,--,0,--,--,--,--,--,--,--,--
466990,2024,06,04,02,1008.6,1010.8,21.6,19.2,86,3.4,260,6.0,250,0.0,0.0,--,0.00,--,0,--,--,--,--,--,--,--,--
466990,2024,06,04,03,1008.4,1010.6,21.6,19.0,85,3.8,250,6.3,250,0.0,0.0,--,0.00,--,0,--,--,--,--,--,--,--,--
466990,2024,06,04,04,1008.4,1010.6,21.6,18.8,84,2.9,260,6.8,240,0.0,0.0,--,0.00,--,0,--,--,--,--,--,--,--,--
466990,2024,06,04,05,1008.9,1011.1,21.7,18.5,82,3.0,250,5.1,260,0.0,0.0,--,0.00,--,0,--,22.9,23.2,23.8,24.4,25.7,26.8,27.5
466990,2024,06,04,06,1009.6,1011.8,21.9,18.3,80,2.2,260,5.4,240,0.0,0.0,0.0,0.08,--,0,--,--,--,--,--,--,--,--
466990,2024,06,04,07,1010.0,1012.2,22.4,18.8,80,1.9,260,4.2,250,0.0,0.0,0.0,0.19,--,0,--,--,--,--,--,--,--,--
466990,2024,06,04,08,1010.6,1012.8,23.4,19.2,77,2.6,260,4.7,250,0.0,0.0,0.0,0.52,15.0,1,10.0,--,--,--,--,--,--,--
466990,2024,06,04,09,1010.8,1013.0,26.2,19.6,67,1.4,230,4.5,250,0.0,0.0,0.4,1.87,20.0,4,7.0,23.7,23.4,23.8,24.1,25.4,26.6,27.5
466990,2024,06,04,10,1011.0,1013.2,27.7,19.5,61,3.3,40,6.0,40,0.0,0.0,0.5,2.51,--,7,--,--,--,--,--,--,--,--
466990,2024,06,04,11,1011.1,1013.3,28.0,19.5,60,3.1,60,6.6,20,0.0,0.0,0.2,2.44,20.0,8,9.0,--,--,--,--,--,--,--
466990,2024,06,04,12,1010.7,1012.9,27.8,20.4,64,3.2,70,6.3,80,0.0,0.0,0.1,2.08,--,7,--,--,--,--,--,--,--,--
466990,2024,06,04,13,1010.5,1012.7,27.7,20.8,66,3.5,70,6.4,70,0.0,0.0,0.0,1.73,--,6,--,--,--,--,--,--,--,--
466990,2024,06,04,14,1010.1,1012.3,27.6,20.7,66,2.9,80,5.6,70,0.0,0.0,0.0,1.57,20.0,5,8.0,25.7,25.7,26.0,25.3,25.7,26.6,27.4
466990,2024,06,04,15,1010.2,1012.4,27.8,20.9,66,3.4,80,6.6,80,0.0,0.0,0.2,1.81,--,5,--,--,--,--,--,--,--,--
466990,2024,06,04,16,1010.0,1012.2,27.4,20.8,67,2.7,70,5.9,80,0.0,0.0,0.0,0.88,--,2,--,--,--,--,--,--,--,--
466990,2024,06,04,17,1010.3,1012.5,27.2,20.6,67,1.6,40,4.0,70,0.0,0.0,0.0,0.41,15.0,1,10.0,--,--,--,--,--,--,--
466990,2024,06,04,18,1010.6,1012.8,26.8,21.1,71,1.8,20,3.8,20,0.0,0.0,0.0,0.13,--,0,--,--,--,--,--,--,--,--
466990,2024,06,04,19,1010.9,1013.1,26.4,20.3,69,2.4,350,3.4,340,0.0,0.0,0.0,0.02,--,0,--,--,--,--,--,--,--,--
466990,2024,06,04,20,1011.7,1013.9,26.4,20.3,69,1.9,330,3.0,340,0.0,0.0,--,0.00,--,0,--,--,--,--,--,--,--,--
466990,2024,06,04,21,1012.1,1014.3,25.8,20.2,71,1.7,290,3.2,300,0.0,0.0,--,0.00,--,0,--,25.2,25.5,26.1,26.3,26.6,27.0,27.3
466990,2024,06,04,22,1012.3,1014.5,24.6,19.9,75,1.9,240,3.2,240,0.0,0.0,--,0.00,--,0,--,--,--,--,--,--,--,--
466990,2024,06,04,23,1012.1,1014.3,24.5,18.7,70,3.0,230,4.2,230,0.0,0.0,--,0.00,--,0,--,--,--,--,--,--,--,--
466990,2024,06,04,24,1011.6,1013.8,24.4,19.5,74,3.9,240,6.2,240,0.0,0.0,--,0.00,--,0,--,--,--,--,--,--,--,--
466990,2024,06,05,01,1010.9,1013.1,24.1,18.3,70,3.6,240,7.1,220,0.0,0.0,--,0.00,--,0,--,--,--,--,--,--,--,--
466990,2024,06,05,02,1010.4,1012.6,23.8,18.2,71,3.6,250,6.6,230,0.0,0.0,--,0.00,--,0,--,--,--,--,--,--,--,--
466990,2024,06,05,03,1010.0,1012.2,23.8,17.3,67,3.2,240,6.6,240,0.0,0.0,--,0.00,--,0,--,--,--,--,--,--,--,--
466990,2024,06,05,04,1009.8,1012.0,23.8,17.1,66,2.8,250,5.5,260,0.0,0.0,--,0.00,--,0,--,--,--,--,--,--,--,--
466990,2024,06,05,05,1010.0,1012.2,23.1,18.0,73,3.6,240,5.4,240,0.0,0.0,--,0.00,--,0,--,23.6,24.0,24.6,25.2,26.2,27.0,27.2
466990,2024,06,05,06,1010.4,1012.6,23.2,18.5,75,4.0,240,5.8,250,0.0,0.0,0.0,0.06,--,0,--,--,--,--,--,--,--,--
466990,2024,06,05,07,1011.0,1013.2,23.9,18.6,72,3.4,250,5.9,260,0.0,0.0,0.0,0.34,--,0,--,--,--,--,--,--,--,--
466990,2024,06,05,08,1011.3,1013.5,24.5,18.5,69,3.6,240,6.0,240,0.0,0.0,0.0,0.63,25.0,1,9.0,--,--,--,--,--,--,--
466990,2024,06,05,09,1011.3,1013.5,27.2,17.7,56,3.1,230,5.2,230,0.0,0.0,0.0,1.41,20.0,3,9.0,24.2,24.1,24.5,24.8,25.9,26.9,27.2
466990,2024,06,05,10,1011.2,1013.4,29.6,20.5,58,2.2,220,5.1,220,0.0,0.0,0.2,2.18,--,6,--,--,--,--,--,--,--,--
466990,2024,06,05,11,1011.2,1013.4,29.0,21.0,62,4.5,180,6.5,180,0.0,0.0,0.9,3.68,20.0,10,7.0,--,--,--,--,--,--,--
466990,2024,06,05,12,1010.8,1013.0,29.0,21.0,62,5.0,170,7.5,180,0.0,0.0,0.4,2.47,--,9,--,--,--,--,--,--,--,--
466990,2024,06,05,13,1010.2,1012.4,27.9,21.7,69,5.5,160,8.9,170,0.0,0.0,0.1,1.76,--,6,--,--,--,--,--,--,--,--
466990,2024,06,05,14,1009.8,1012.0,27.5,20.8,67,5.6,190,8.2,170,0.0,0.0,0.0,0.35,20.0,1,10.0,26.1,26.2,26.6,25.9,26.2,26.9,27.2
466990,2024,06,05,15,1009.5,1011.7,27.0,20.6,68,2.0,240,8.8,180,T,0.1,0.0,0.26,--,1,--,--,--,--,--,--,--,--
466990,2024,06,05,16,1009.2,1011.4,27.3,20.2,65,2.8,260,4.5,250,0.0,0.0,0.0,0.32,--,1,--,--,--,--,--,--,--,--
466990,2024,06,05,17,1009.3,1011.5,27.6,19.9,63,2.1,240,4.8,230,0.0,0.0,0.0,0.24,15.0,0,10.0,--,--,--,--,--,--,--
466990,2024,06,05,18,1009.5,1011.7,27.1,20.5,67,2.2,210,3.7,240,0.0,0.0,0.0,0.22,--,0,--,--,--,--,--,--,--,--
466990,2024,06,05,19,1009.9,1012.1,26.7,20.3,68,2.0,240,3.0,240,0.0,0.0,0.0,0.03,--,0,--,--,--,--,--,--,--,--
466990,2024,06,05,20,1010.4,1012.6,26.3,20.6,71,1.9,260,3.7,240,0.0,0.0,--,0.00,--,0,--,--,--,--,--,--,--,--
466990,2024,06,05,21,1010.5,1012.7,25.9,20.5,72,1.7,240,2.9,270,0.0,0.0,--,0.00,--,0,--,25.4,25.5,26.0,26.2,26.7,27.4,27.1
466990,2024,06,05,22,1011.2,1013.4,25.7,20.5,73,2.6,270,4.1,260,0.0,0.0,--,0.00,--,0,--,--,--,--,--,--,--,--
466990,2024,06,05,23,1010.9,1013.1,25.6,20.6,74,2.9,250,4.8,270,0.0,0.0,--,0.00,--,0,--,--,--,--,--,--,--,--
466990,2024,06,05,24,1010.2,1012.4,25.2,21.1,78,2.5,230,5.7,240,0.0,0.0,--,0.00,--,0,--,--,--,--,--,--,--,--
466990,2024,06,06,01,1009.6,1011.8,25.2,20.9,77,2.4,250,6.3,200,0.0,0.0,--,0.00,--,0,--,--,--,--,--,--,--,--
466990,2024,06,06,02,1009.2,1011.4,24.8,21.3,81,2.1,260,5.0,230,0.0,0.0,--,0.00,--,0,--,--,--,--,--,--,--,--
466990,2024,06,06,03,1008.9,1011.1,24.6,20.9,80,3.5,240,5.2,240,0.0,0.0,--,0.00,--,0,--,--,--,--,--,--,--,--
466990,2024,06,06,04,1008.7,1010.9,24.3,21.4,84,2.6,230,4.9,240,0.0,0.0,--,0.00,--,0,--,--,--,--,--,--,--,--
466990,2024,06,06,05,1008.5,1010.7,24.3,21.4,84,3.2,220,4.7,240,0.0,0.0,--,0.00,--,0,--,24.7,24.7,25.2,25.6,26.4,27.3,27.1
466990,2024,06,06,06,1008.8,1011.0,24.3,21.2,83,3.5,230,4.9,240,0.0,0.0,0.0,0.03,--,0,--,--,--,--,--,--,--,--
466990,2024,06,06,07,1009.0,1011.2,24.4,21.5,84,2.4,240,4.7,230,0.0,0.0,0.0,0.14,--,0,--,--,--,--,--,--,--,--
466990,2024,06,06,08,1008.9,1011.1,25.7,21.8,79,2.1,230,3.5,240,0.0,0.0,0.0,0.42,15.0,1,10.0,--,--,--,--,--,--,--
466990,2024,06,06,09,1008.9,1011.1,27.3,21.1,69,1.7,200,3.2,230,0.0,0.0,0.1,1.39,15.0,3,10.0,25.3,24.9,25.2,25.3,26.2,27.2,27.1
466990,2024,06,06,10,1008.7,1010.9,27.8,22.8,74,2.4,160,5.3,180,0.0,0.0,0.2,2.18,--,7,--,--,--,--,--,--,--,--
466990,2024,06,06,11,1008.9,1011.1,27.5,22.9,76,4.0,160,6.3,170,0.0,0.0,0.0,1.83,20.0,7,9.0,--,--,--,--,--,--,--
466990,2024,06,06,12,1008.3,1010.5,27.9,23.9,79,5.3,170,7.8,180,0.0,0.0,0.0,2.06,--,8,--,--,--,--,--,--,--,--
466990,2024,06,06,13,1007.8,1010.0,28.2,24.2,79,2.7,160,8.1,170,0.0,0.0,0.1,2.08,--,8,--,--,--,--,--,--,--,--
466990,2024,06,06,14,1007.4,1009.6,27.3,24.2,83,5.6,170,8.4,180,0.0,0.0,0.0,1.48,15.0,6,10.0,27.1,26.8,27.1,26.2,26.4,27.3,27.1
466990,2024,06,06,15,1006.9,1009.1,27.0,24.1,84,5.1,180,9.6,180,T,0.3,0.0,0.86,--,3,--,--,--,--,--,--,--,--
466990,2024,06,06,16,1006.5,1008.7,26.3,23.6,85,3.6,180,8.8,190,T,0.1,0.0,0.46,--,1,--,--,--,--,--,--,--,--
466990,2024,06,06,17,1006.5,1008.7,26.6,23.9,85,2.4,180,6.9,170,0.0,0.0,0.0,0.36,15.0,1,10.0,--,--,--,--,--,--,--
466990,2024,06,06,18,1006.7,1008.9,26.5,24.0,86,1.6,180,3.5,180,0.0,0.0,0.0,0.06,--,0,--,--,--,--,--,--,--,--
466990,2024,06,06,19,1007.2,1009.4,26.6,24.1,86,0.4,220,2.4,200,0.0,0.0,0.0,0.02,--,0,--,--,--,--,--,--,--,--
466990,2024,06,06,20,1007.6,1009.8,26.3,24.0,87,1.0,20,2.5,30,0.0,0.0,--,0.00,--,0,--,--,--,--,--,--,--,--
466990,2024,06,06,21,1008.1,1010.3,26.0,24.2,90,1.0,10,3.3,20,T,0.2,--,0.00,--,0,--,26.3,26.3,26.7,26.7,27.0,27.7,27.1
466990,2024,06,06,22,1008.3,1010.5,25.5,24.3,93,2.4,30,4.3,20,T,0.8,--,0.00,--,0,--,--,--,--,--,--,--,--
466990,2024,06,06,23,1008.4,1010.6,25.3,24.3,94,1.2,20,4.6,30,T,0.3,--,0.00,--,0,--,--,--,--,--,--,--,--
466990,2024,06,06,24,1007.9,1010.1,24.9,24.2,96,2.6,350,4.3,340,2.0,1.0,--,0.00,--,0,--,--,--,--,--,--,--,--
466990,2024,06,07,01,1007.4,1009.6,24.7,24.0,96,2.3,350,4.5,340,7.5,1.0,--,0.00,--,0,--,--,--,--,--,--,--,--
466990,2024,06,07,02,1006.2,1008.4,24.6,24.1,97,1.6,30,3.9,340,4.0,1.0,--,0.00,--,0,--,--,--,--,--,--,--,--
466990,2024,06,07,03,1006.2,1008.4,24.9,24.4,97,2.8,20,4.9,30,1.5,1.0,--,0.00,--,0,--,--,--,--,--,--,--,--
466990,2024,06,07,04,1006.2,1008.4,24.8,24.3,97,1.8,350,4.8,360,T,0.9,--,0.00,--,0,--,--,--,--,--,--,--,--
466990,2024,06,07,05,1005.8,1008.0,24.6,24.1,97,2.0,360,3.9,350,T,0.6,--,0.00,--,0,--,25.3,25.2,25.6,25.9,26.7,27.6,27.1
466990,2024,06,07,06,1006.2,1008.4,24.9,24.4,97,2.6,10,5.2,20,T,0.1,0.0,0.03,--,0,--,--,--,--,--,--,--,--
466990,2024,06,07,07,1006.5,1008.7,25.1,24.4,96,2.0,10,4.4,20,0.5,0.7,0.0,0.16,--,0,--,--,--,--,--,--,--,--
466990,2024,06,07,08,1006.4,1008.6,25.2,24.7,97,1.7,20,4.4,350,T,0.6,0.0,0.35,10.0,1,9.0,--,--,--,--,--,--,--
466990,2024,06,07,09,1006.9,1009.1,25.9,25.2,96,3.9,30,6.5,20,T,0.3,0.0,0.55,8.0,2,10.0,25.5,25.3,25.6,25.7,26.5,27.5,27.1
466990,2024,06,07,10,1006.4,1008.6,26.8,25.6,93,3.3,30,6.8,60,T,0.3,0.3,1.99,--,6,--,--,--,--,--,--,--,--
466990,2024,06,07,11,1006.1,1008.3,28.2,25.4,85,4.3,50,7.6,60,0.0,0.0,0.7,3.11,15.0,10,8.0,--,--,--,--,--,--,--
466990,2024,06,07,12,1005.4,1007.6,29.4,25.4,79,4.0,50,7.8,50,0.0,0.0,0.9,3.66,--,13,--,--,--,--,--,--,--,--
466990,2024,06,07,13,1005.0,1007.2,28.7,24.5,78,6.0,50,8.9,50,0.0,0.0,0.9,3.59,--,13,--,--,--,--,--,--,--,--
466990,2024,06,07,14,1004.6,1006.8,28.1,24.5,81,5.5,40,8.8,30,0.0,0.0,0.3,2.22,15.0,8,9.0,27.9,27.7,28.0,26.8,26.8,27.4,27.2
466990,2024,06,07,15,1004.3,1006.5,26.8,24.7,88,4.6,40,8.7,30,T,0.3,0.0,0.57,--,2,--,--,--,--,--,--,--,--
466990,2024,06,07,16,1004.0,1006.2,25.9,24.9,94,5.7,30,8.7,30,1.5,1.0,0.0,0.29,--,1,--,--,--,--,--,--,--,--
466990,2024,06,07,17,1004.0,1006.2,25.5,24.6,95,5.3,20,8.8,30,10.5,1.0,0.0,0.14,6.0,0,10.0,--,--,--,--,--,--,--
466990,2024,06,07,18,1004.6,1006.8,25.5,24.8,96,2.1,340,8.5,360,18.5,1.0,0.0,0.09,--,0,--,--,--,--,--,--,--,--
466990,2024,06,07,19,1004.9,1007.1,25.4,24.7,96,0.8,280,4.2,330,4.0,0.7,0.0,0.01,--,0,--,--,--,--,--,--,--,--
466990,2024,06,07,20,1004.8,1007.0,25.4,24.9,97,3.1,260,4.7,220,0.5,0.6,--,0.00,--,0,--,--,--,--,--,--,--,--
466990,2024,06,07,21,1005.3,1007.5,25.4,24.9,97,0.4,50,4.7,250,0.5,0.8,--,0.00,--,0,--,25.8,25.9,26.5,26.9,27.6,27.9,27.2
466990,2024,06,07,22,1006.5,1008.7,25.6,25.1,97,1.6,360,2.9,260,T,0.1,--,0.00,--,0,--,--,--,--,--,--,--,--
466990,2024,06,07,23,1006.5,1008.7,25.7,25.2,97,1.9,360,3.6,340,0.0,0.0,--,0.00,--,0,--,--,--,--,--,--,--,--
466990,2024,06,07,24,1006.2,1008.4,25.6,25.1,97,2.6,340,5.6,360,T,0.3,--,0.00,--,0,--,--,--,--,--,--,--,--
466990,2024,06,08,01,1005.5,1007.7,25.6,25.1,97,0.6,340,3.4,350,T,0.5,--,0.00,--,0,--,--,--,--,--,--,--,--
466990,2024,06,08,02,1005.3,1007.5,25.2,24.7,97,1.9,250,2.8,240,T,0.2,--,0.00,--,0,--,--,--,--,--,--,--,--
466990,2024,06,08,03,1004.3,1006.5,25.1,24.6,97,0.4,260,3.2,270,T,0.1,--,0.00,--,0,--,--,--,--,--,--,--,--
466990,2024,06,08,04,1004.4,1006.6,24.5,24.2,98,1.5,250,3.5,260,0.0,0.0,--,0.00,--,0,--,--,--,--,--,--,--,--
466990,2024,06,08,05,1005.0,1007.2,23.9,23.4,97,2.5,260,4.2,260,0.0,0.0,--,0.00,--,0,--,25.6,25.6,26.0,26.3,27.1,27.8,27.2
466990,2024,06,08,06,1005.5,1007.7,24.7,24.2,97,1.8,230,4.7,230,0.0,0.0,0.5,0.15,--,0,--,--,--,--,--,--,--,--
466990,2024,06,08,07,1006.2,1008.4,25.1,24.4,96,1.9,280,3.5,230,0.0,0.0,0.1,0.37,--,0,--,--,--,--,--,--,--,--
466990,2024,06,08,08,1006.2,1008.4,26.9,24.6,87,1.4,10,3.5,260,0.0,0.0,0.4,1.33,20.0,2,8.0,--,--,--,--,--,--,--
466990,2024,06,08,09,1006.0,1008.2,28.7,25.3,82,2.6,30,4.3,30,0.0,0.0,0.4,1.83,20.0,4,8.0,26.4,26.0,26.1,26.1,26.9,27.7,27.3
466990,2024,06,08,10,1006.4,1008.6,29.4,25.8,81,5.5,70,8.2,70,0.0,0.0,0.8,2.78,--,8,--,--,--,--,--,--,--,--
466990,2024,06,08,11,1006.5,1008.7,29.3,25.7,81,4.5,60,9.0,50,0.0,0.0,0.5,2.52,20.0,9,9.0,--,--,--,--,--,--,--
466990,2024,06,08,12,1005.5,1007.7,29.2,25.4,80,5.4,50,8.4,80,0.0,0.0,0.4,2.69,--,10,--,--,--,--,--,--,--,--
466990,2024,06,08,13,1004.8,1007.0,29.7,25.7,79,3.6,60,8.2,20,0.0,0.0,0.4,2.46,--,9,--,--,--,--,--,--,--,--
466990,2024,06,08,14,1004.0,1006.2,29.6,25.6,79,5.4,30,8.1,20,0.0,0.0,0.8,2.95,18.0,10,6.0,28.3,28.1,28.3,27.3,27.2,27.8,27.3
466990,2024,06,08,15,1003.9,1006.1,29.0,25.4,81,4.0,40,7.2,50,0.0,0.0,0.5,2.23,--,6,--,--,--,--,--,--,--,--
466990,2024,06,08,16,1004.3,1006.5,28.8,25.2,81,5.2,50,8.6,30,0.0,0.0,0.3,1.50,--,3,--,--,--,--,--,--,--,--
466990,2024,06,08,17,1004.6,1006.8,28.4,25.2,83,4.1,50,8.1,30,0.0,0.0,0.4,1.07,15.0,2,9.0,--,--,--,--,--,--,--
466990,2024,06,08,18,1005.2,1007.4,27.9,25.2,85,3.4,30,7.0,30,0.0,0.0,0.0,0.18,--,0,--,--,--,--,--,--,--,--
466990,2024,06,08,19,1005.8,1008.0,27.7,25.0,85,2.3,30,5.8,50,0.0,0.0,0.0,0.02,--,0,--,--,--,--,--,--,--,--
466990,2024,06,08,20,1006.0,1008.2,26.9,25.3,91,2.5,20,4.6,340,T,0.3,--,0.00,--,0,--,--,--,--,--,--,--,--
466990,2024,06,08,21,1006.5,1008.7,27.1,25.3,90,1.9,360,5.1,20,0.0,0.0,--,0.00,--,0,--,27.6,28.0,28.5,28.6,28.5,28.3,27.3
466990,2024,06,08,22,1007.3,1009.5,27.0,25.2,90,3.3,30,5.4,40,T,0.1,--,0.00,--,0,--,--,--,--,--,--,--,--
466990,2024,06,08,23,1007.0,1009.2,26.4,24.8,91,2.8,360,5.7,40,T,0.3,--,0.00,--,0,--,--,--,--,--,--,--,--
466990,2024,06,08,24,1006.2,1008.4,26.1,24.7,92,1.5,30,5.8,360,0.0,0.0,--,0.00,--,0,--,--,--,--,--,--,--,--
466990,2024,06,09,01,1006.3,1008.5,26.1,24.7,92,1.4,10,3.3,340,T,0.1,--,0.00,--,0,--,--,--,--,--,--,--,--
466990,2024,06,09,02,1006.0,1008.2,26.3,24.9,92,1.0,310,2.2,330,T,0.2,--,0.00,--,0,--,--,--,--,--,--,--,--
466990,2024,06,09,03,1005.6,1007.8,25.9,24.5,92,0.6,280,2.1,290,T,0.1,--,0.00,--,0,--,--,--,--,--,--,--,--
466990,2024,06,09,04,1005.5,1007.7,25.6,24.4,93,1.0,240,2.3,250,0.0,0.0,--,0.00,--,0,--,--,--,--,--,--,--,--
466990,2024,06,09,05,1006.0,1008.2,25.7,24.7,94,3.0,250,4.7,250,0.0,0.0,--,0.00,--,0,--,26.5,26.5,27.0,27.4,28.0,28.5,27.4
466990,2024,06,09,06,1006.5,1008.7,25.7,24.5,93,2.1,260,4.4,250,0.0,0.0,0.0,0.06,--,0,--,--,--,--,--,--,--,--
466990,2024,06,09,07,1006.7,1008.9,26.9,25.1,90,0.9,260,3.8,260,0.0,0.0,0.4,0.67,--,1,--,--,--,--,--,--,--,--
466990,2024,06,09,08,1007.0,1009.2,28.5,24.5,79,1.4,150,2.4,290,0.0,0.0,1.0,1.59,25.0,2,5.0,--,--,--,--,--,--,--
466990,2024,06,09,09,1007.2,1009.4,29.6,24.9,76,1.9,110,3.2,130,0.0,0.0,1.0,2.41,25.0,5,5.0,27.4,26.9,27.1,27.0,27.7,28.4,27.4
466990,2024,06,09,10,1007.3,1009.5,29.6,25.4,78,2.7,110,3.7,100,0.0,0.0,0.6,2.35,--,7,--,--,--,--,--,--,--,--
466990,2024,06,09,11,1007.6,1009.8,29.7,25.5,78,2.5,120,4.0,130,0.0,0.0,0.1,1.99,20.0,7,7.0,--,--,--,--,--,--,--
466990,2024,06,09,12,1007.5,1009.7,29.4,25.2,78,2.7,90,4.2,80,0.0,0.0,0.2,2.23,--,9,--,--,--,--,--,--,--,--
466990,2024,06,09,13,1007.2,1009.4,28.8,25.4,82,2.7,80,4.3,90,0.0,0.0,0.0,0.63,--,3,--,--,--,--,--,--,--,--
466990,2024,06,09,14,1007.2,1009.4,29.3,25.5,80,1.3,100,4.0,70,0.0,0.0,0.0,0.77,15.0,3,10.0,28.3,28.1,28.4,27.8,27.9,28.5,27.5
466990,2024,06,09,15,1006.9,1009.1,29.2,25.2,79,1.2,60,2.6,90,0.0,0.0,0.0,0.43,--,2,--,--,--,--,--,--,--,--
466990,2024,06,09,16,1006.8,1009.0,28.8,24.4,77,0.4,170,2.7,80,T,0.1,0.0,0.36,--,1,--,--,--,--,--,--,--,--
466990,2024,06,09,17,1006.8,1009.0,28.6,24.2,77,1.6,30,2.6,20,0.0,0.0,0.0,0.23,15.0,1,10.0,--,--,--,--,--,--,--
466990,2024,06,09,18,1007.5,1009.7,27.1,25.3,90,2.3,10,4.8,30,1.5,0.8,0.0,0.05,--,0,--,--,--,--,--,--,--,--
466990,2024,06,09,19,1007.9,1010.1,27.0,25.6,92,2.6,340,3.8,350,T,0.2,0.0,0.03,--,0,--,--,--,--,--,--,--,--
466990,2024,06,09,20,1008.8,1011.0,26.5,25.1,92,1.7,80,3.9,120,0.0,0.0,--,0.00,--,0,--,--,--,--,--,--,--,--
466990,2024,06,09,21,1009.3,1011.5,26.6,25.4,93,1.9,40,3.1,340,0.0,0.0,--,0.00,--,0,--,27.2,27.3,27.7,27.9,28.3,28.8,27.5
466990,2024,06,09,22,1009.6,1011.8,25.9,25.0,95,3.0,10,4.9,10,1.0,0.9,--,0.00,--,0,--,--,--,--,--,--,--,--
466990,2024,06,09,23,1009.9,1012.1,26.0,25.1,95,1.7,10,5.5,350,T,0.1,--,0.00,--,0,--,--,--,--,--,--,--,--
466990,2024,06,09,24,1009.7,1011.9,25.8,25.1,96,1.8,70,3.5,60,1.0,0.6,--,0.00,--,0,--,--,--,--,--,--,--,--
466990,2024,06,10,01,1009.1,1011.3,25.5,24.8,96,2.2,30,3.9,40,T,0.5,--,0.00,--,0,--,--,--,--,--,--,--,--
466990,2024,06,10,02,1008.2,1010.4,25.5,24.8,96,1.0,350,3.0,30,0.5,0.2,--,0.00,--,0,--,--,--,--,--,--,--,--
466990,2024,06,10,03,1008.1,1010.3,25.5,24.8,96,1.5,320,2.8,320,0.0,0.0,--,0.00,--,0,--,--,--,--,--,--,--,--
466990,2024,06,10,04,1007.6,1009.8,25.3,24.6,96,1.5,270,3.3,290,0.0,0.0,--,0.00,--,0,--,--,--,--,--,--,--,--
466990,2024,06,10,05,1008.1,1010.3,25.2,24.7,97,2.8,250,4.9,230,0.0,0.0,--,0.00,--,0,--,26.3,26.3,26.7,27.1,27.8,28.7,27.6
466990,2024,06,10,06,1008.4,1010.6,25.3,24.8,97,3.0,240,5.6,250,0.0,0.0,0.1,0.09,--,0,--,--,--,--,--,--,--,--
466990,2024,06,10,07,1008.4,1010.6,25.8,25.1,96,2.2,220,4.6,230,0.0,0.0,0.0,0.28,--,0,--,--,--,--,--,--,--,--
466990,2024,06,10,08,1008.3,1010.5,26.3,25.3,94,3.2,220,5.5,230,0.0,0.0,0.0,0.63,25.0,1,9.0,--,--,--,--,--,--,--
466990,2024,06,10,09,1007.7,1009.9,28.2,25.0,83,0.6,230,4.4,220,0.0,0.0,0.1,1.52,25.0,4,7.0,26.9,26.5,26.8,26.8,27.6,28.5,27.6
466990,2024,06,10,10,1006.7,1008.9,28.0,24.9,83,0.7,100,2.7,120,0.0,0.0,0.1,1.38,--,5,--,--,--,--,--,--,--,--
466990,2024,06,10,11,1005.9,1008.1,28.6,25.4,83,1.6,120,3.2,120,T,0.2,0.5,2.18,25.0,8,6.0,--,--,--,--,--,--,--
466990,2024,06,10,12,1004.8,1007.0,30.3,26.0,78,3.0,100,5.1,90,0.0,0.0,0.6,3.31,--,12,--,--,--,--,--,--,--,--
466990,2024,06,10,13,1005.4,1007.6,30.2,26.8,82,3.1,80,5.7,80,0.0,0.0,0.9,3.61,--,13,--,--,--,--,--,--,--,--
466990,2024,06,10,14,1005.1,1007.3,29.7,25.7,79,4.1,70,6.0,80,0.0,0.0,0.6,2.81,20.0,10,6.0,29.1,28.8,29.2,27.9,27.8,28.5,27.7
466990,2024,06,10,15,1004.7,1006.9,30.0,25.8,78,3.3,60,7.0,70,0.0,0.0,0.0,1.42,--,5,--,--,--,--,--,--,--,--
466990,2024,06,10,16,1004.7,1006.9,29.5,25.3,78,2.9,50,5.8,180,0.0,0.0,0.3,1.30,--,3,--,--,--,--,--,--,--,--
466990,2024,06,10,17,1004.9,1007.1,29.0,25.4,81,3.5,30,6.2,30,0.0,0.0,0.0,0.52,20.0,1,9.0,--,--,--,--,--,--,--
466990,2024,06,10,18,1005.6,1007.8,28.8,25.2,81,2.3,10,6.9,20,0.0,0.0,0.0,0.20,--,0,--,--,--,--,--,--,--,--
466990,2024,06,10,19,1006.2,1008.4,28.8,24.8,79,3.2,20,6.0,30,0.0,0.0,0.0,0.01,--,0,--,--,--,--,--,--,--,--
466990,2024,06,10,20,1006.8,1009.0,28.6,24.8,80,3.4,20,5.5,20,T,0.1,--,0.00,--,0,--,--,--,--,--,--,--,--
466990,2024,06,10,21,1007.7,1009.9,28.6,25.2,82,1.7,20,5.6,20,T,0.1,--,0.00,--,0,--,28.0,28.3,28.8,28.9,29.0,29.0,27.7
466990,2024,06,10,22,1008.2,1010.4,28.4,24.8,81,1.7,340,3.8,50,0.0,0.0,--,0.00,--,0,--,--,--,--,--,--,--,--
466990,2024,06,10,23,1008.2,1010.4,28.2,24.6,81,1.3,270,3.6,340,0.0,0.0,--,0.00,--,0,--,--,--,--,--,--,--,--
466990,2024,06,10,24,1007.5,1009.7,27.4,24.9,86,2.5,250,3.8,240,0.0,0.0,--,0.00,--,0,--,--,--,--,--,--,--,--
466990,2024,06,11,01,1006.2,1008.4,27.2,24.7,86,1.9,270,4.0,250,0.0,0.0,--,0.00,--,0,--,--,--,--,--,--,--,--
466990,2024,06,11,02,1005.9,1008.1,26.8,24.7,88,3.8,230,7.0,240,0.0,0.0,--,0.00,--,0,--,--,--,--,--,--,--,--
466990,2024,06,11,03,1005.6,1007.8,26.7,24.9,90,3.3,230,5.8,220,0.0,0.0,--,0.00,--,0,--,--,--,--,--,--,--,--
466990,2024,06,11,04,1005.7,1007.9,26.5,24.9,91,2.9,240,4.4,220,0.0,0.0,--,0.00,--,0,--,--,--,--,--,--,--,--
466990,2024,06,11,05,1005.8,1008.0,26.6,24.6,89,1.4,250,5.8,230,0.0,0.0,--,0.00,--,0,--,27.0,27.0,27.5,27.8,28.5,29.0,27.7
466990,2024,06,11,06,1006.5,1008.7,26.4,24.8,91,2.9,240,4.0,230,0.0,0.0,0.1,0.06,--,0,--,--,--,--,--,--,--,--
466990,2024,06,11,07,1006.3,1008.5,26.8,24.8,89,1.3,260,3.3,260,0.0,0.0,0.0,0.17,--,0,--,--,--,--,--,--,--,--
466990,2024,06,11,08,1006.3,1008.5,27.5,25.1,87,2.6,240,4.0,230,0.0,0.0,0.0,0.51,15.0,1,8.0,--,--,--,--,--,--,--
466990,2024,06,11,09,1005.8,1008.0,28.6,24.6,79,1.7,220,3.7,240,0.0,0.0,0.1,0.89,20.0,2,8.0,27.4,27.1,27.4,27.5,28.2,28.9,27.8
466990,2024,06,11,10,1005.3,1007.5,29.0,25.0,79,1.9,220,3.5,220,0.0,0.0,0.0,1.01,--,4,--,--,--,--,--,--,--,--
466990,2024,06,11,11,1004.4,1006.6,29.7,25.0,76,1.6,160,3.3,170,0.0,0.0,0.2,1.82,20.0,7,7.0,--,--,--,--,--,--,--
466990,2024,06,11,12,1004.4,1006.6,29.7,25.9,80,1.8,160,3.2,170,0.0,0.0,0.2,2.07,--,9,--,--,--,--,--,--,--,--
466990,2024,06,11,13,1003.9,1006.1,29.6,26.4,83,1.8,130,2.8,190,0.0,0.0,0.0,1.49,--,6,--,--,--,--,--,--,--,--
466990,2024,06,11,14,1003.7,1005.9,29.4,26.8,86,1.4,120,2.9,130,0.0,0.0,0.1,1.24,15.0,5,8.0,28.9,28.5,28.8,28.1,28.3,28.9,27.8
466990,2024,06,11,15,1003.4,1005.6,29.5,26.7,85,1.4,100,3.2,120,0.0,0.0,0.0,0.96,--,4,--,--,--,--,--,--,--,--
466990,2024,06,11,16,1002.8,1005.0,30.4,25.9,77,3.0,40,4.9,20,0.0,0.0,0.3,1.18,--,3,--,--,--,--,--,--,--,--
466990,2024,06,11,17,1002.8,1005.0,29.8,26.6,83,1.8,100,4.3,70,0.0,0.0,0.2,0.66,20.0,1,7.0,--,--,--,--,--,--,--
466990,2024,06,11,18,1003.4,1005.6,29.0,26.4,86,1.7,60,3.1,90,0.0,0.0,0.1,0.22,--,0,--,--,--,--,--,--,--,--
466990,2024,06,11,19,1003.5,1005.7,28.8,26.2,86,1.2,50,2.5,120,0.0,0.0,0.0,0.03,--,0,--,--,--,--,--,--,--,--
466990,2024,06,11,20,1003.9,1006.1,28.6,25.8,85,1.6,10,3.2,360,0.0,0.0,--,0.00,--,0,--,--,--,--,--,--,--,--
466990,2024,06,11,21,1004.0,1006.2,28.6,25.8,85,1.2,340,2.9,360,0.0,0.0,--,0.00,--,0,--,28.4,28.4,28.8,28.7,28.9,29.2,27.9
466990,2024,06,11,22,1004.5,1006.7,28.3,25.7,86,1.8,260,2.8,250,0.0,0.0,--,0.00,--,0,--,--,--,--,--,--,--,--
466990,2024,06,11,23,1003.9,1006.1,27.8,25.8,89,1.0,250,3.7,270,0.0,0.0,--,0.00,--,0,--,--,--,--,--,--,--,--
466990,2024,06,11,24,1003.6,1005.8,27.5,25.5,89,3.1,240,5.0,240,0.0,0.0,--,0.00,--,0,--,--,--,--,--,--,--,--
466990,2024,06,12,01,1003.2,1005.4,27.1,25.5,91,4.8,240,7.2,240,0.0,0.0,--,0.00,--,0,--,--,--,--,--,--,--,--
466990,2024,06,12,02,1002.7,1004.9,27.0,25.2,90,3.2,240,6.2,240,0.0,0.0,--,0.00,--,0,--,--,--,--,--,--,--,--
466990,2024,06,12,03,1002.7,1004.9,27.5,24.6,84,3.9,240,6.3,240,0.0,0.0,--,0.00,--,0,--,--,--,--,--,--,--,--
466990,2024,06,12,04,1003.2,1005.4,26.9,24.6,87,3.4,240,7.1,240,0.0,0.0,--,0.00,--,0,--,--,--,--,--,--,--,--
466990,2024,06,12,05,1003.1,1005.3,26.6,24.6,89,2.1,230,6.7,240,0.0,0.0,--,0.00,--,0,--,27.2,27.2,27.6,27.8,28.5,29.1,27.9
466990,2024,06,12,06,1003.9,1006.1,26.6,24.8,90,1.9,230,5.2,240,0.0,0.0,0.0,0.04,--,0,--,--,--,--,--,--,--,--
466990,2024,06,12,07,1004.2,1006.4,27.0,24.7,87,2.8,230,4.2,220,0.0,0.0,0.0,0.25,--,0,--,--,--,--,--,--,--,--
466990,2024,06,12,08,1004.7,1006.9,27.9,25.0,84,1.7,220,4.6,220,0.0,0.0,0.0,0.62,20.0,1,6.0,--,--,--,--,--,--,--
466990,2024,06,12,09,1004.4,1006.6,29.5,25.3,78,1.8,160,3.8,240,0.0,0.0,0.2,1.27,25.0,4,6.0,27.7,27.2,27.5,27.5,28.2,29.0,27.9
466990,2024,06,12,10,1004.2,1006.4,29.5,26.3,83,1.0,140,2.8,160,0.0,0.0,0.0,1.33,--,5,--,--,--,--,--,--,--,--
466990,2024,06,12,11,1003.9,1006.1,30.5,26.7,80,2.1,130,3.9,140,0.0,0.0,0.6,2.75,20.0,9,5.0,--,--,--,--,--,--,--
466990,2024,06,12,12,1003.5,1005.7,30.0,26.6,82,2.6,120,4.3,140,0.0,0.0,0.5,2.61,--,10,--,--,--,--,--,--,--,--
466990,2024,06,12,13,1003.1,1005.3,30.3,26.3,79,1.7,120,3.2,130,0.0,0.0,0.6,2.53,--,9,--,--,--,--,--,--,--,--
466990,2024,06,12,14,1002.8,1005.0,29.6,26.2,82,2.3,130,3.6,130,0.0,0.0,0.3,1.65,20.0,6,8.0,29.5,29.1,29.3,28.4,28.4,29.0,28.0
466990,2024,06,12,15,1002.5,1004.7,30.4,26.6,80,1.7,100,3.3,140,0.0,0.0,0.2,1.00,--,3,--,--,--,--,--,--,--,--
466990,2024,06,12,16,1002.1,1004.3,29.9,25.2,76,1.4,20,4.1,80,0.0,0.0,0.0,0.57,--,2,--,--,--,--,--,--,--,--
466990,2024,06,12,17,1001.7,1003.9,30.2,24.6,72,0.9,30,3.4,30,0.0,0.0,0.1,0.76,25.0,1,7.0,--,--,--,--,--,--,--
466990,2024,06,12,18,1002.0,1004.2,29.1,24.9,78,1.9,100,2.8,100,0.0,0.0,0.1,0.24,--,0,--,--,--,--,--,--,--,--
466990,2024,06,12,19,1002.5,1004.7,29.2,24.1,74,0.9,360,2.6,100,0.0,0.0,0.0,0.02,--,0,--,--,--,--,--,--,--,--
466990,2024,06,12,20,1002.8,1005.0,28.5,24.7,80,0.4,V,2.9,340,0.0,0.0,--,0.00,--,0,--,--,--,--,--,--,--,--
466990,2024,06,12,21,1003.3,1005.5,28.3,25.5,85,1.9,240,3.1,210,0.0,0.0,--,0.00,--,0,--,28.3,28.4,29.0,29.0,29.2,29.4,28.0
466990,2024,06,12,22,1003.4,1005.6,27.9,25.2,85,2.0,220,3.6,230,0.0,0.0,--,0.00,--,0,--,--,--,--,--,--,--,--
466990,2024,06,12,23,1003.1,1005.3,27.9,25.0,84,1.9,240,4.0,240,0.0,0.0,--,0.00,--,0,--,--,--,--,--,--,--,--
466990,2024,06,12,24,1002.4,1004.6,27.5,25.0,86,2.9,250,5.3,250,0.0,0.0,--,0.00,--,0,--,--,--,--,--,--,--,--
466990,2024,06,13,01,1001.6,1003.8,27.5,23.8,80,3.1,260,5.1,240,0.0,0.0,--,0.00,--,0,--,--,--,--,--,--,--,--
466990,2024,06,13,02,1001.3,1003.5,27.2,23.5,80,2.8,260,5.0,230,0.0,0.0,--,0.00,--,0,--,--,--,--,--,--,--,--
466990,2024,06,13,03,1001.1,1003.3,27.0,24.5,86,3.6,250,5.4,240,0.0,0.0,--,0.00,--,0,--,--,--,--,--,--,--,--
466990,2024,06,13,04,1001.4,1003.6,26.8,24.3,86,3.0,250,5.2,230,0.0,0.0,--,0.00,--,0,--,--,--,--,--,--,--,--
466990,2024,06,13,05,1001.5,1003.7,26.4,24.4,89,2.6,220,5.1,240,0.0,0.0,--,0.00,--,0,--,27.1,27.1,27.6,28.0,28.7,29.4,28.1
466990,2024,06,13,06,1002.0,1004.2,26.4,24.6,90,2.6,230,4.3,220,0.0,0.0,0.1,0.08,--,0,--,--,--,--,--,--,--,--
466990,2024,06,13,07,1002.6,1004.8,27.1,24.8,87,2.6,230,4.5,230,0.0,0.0,0.2,0.39,--,0,--,--,--,--,--,--,--,--
466990,2024,06,13,08,1003.2,1005.4,27.3,24.8,86,2.6,240,4.7,230,T,0.3,0.0,0.27,20.0,1,10.0,--,--,--,--,--,--,--
466990,2024,06,13,09,1003.7,1005.9,27.8,24.7,83,2.8,240,4.0,240,T,0.3,0.0,0.50,20.0,2,10.0,27.4,27.2,27.5,27.6,28.4,29.3,28.1
466990,2024,06,13,10,1002.8,1005.0,28.6,24.8,80,0.8,320,3.6,260,T,0.3,0.0,0.82,--,3,--,--,--,--,--,--,--,--
466990,2024,06,13,11,1002.0,1004.2,30.0,25.5,77,1.7,90,3.6,120,0.0,0.0,0.1,1.57,20.0,6,9.0,--,--,--,--,--,--,--
466990,2024,06,13,12,1001.0,1003.2,31.1,25.7,73,2.5,100,4.2,90,0.0,0.0,0.4,2.02,--,8,--,--,--,--,--,--,--,--
466990,2024,06,13,13,1001.1,1003.2,31.5,24.4,66,2.3,80,4.7,110,0.0,0.0,1.0,3.01,--,11,--,--,--,--,--,--,--,--
466990,2024,06,13,14,1001.0,1003.1,31.7,25.1,68,4.2,80,6.3,70,0.0,0.0,1.0,3.51,20.0,11,6.0,29.3,28.8,29.2,28.2,28.4,29.2,28.1
466990,2024,06,13,15,1001.4,1003.6,30.7,24.4,69,4.6,40,7.1,30,0.0,0.0,0.1,1.19,--,4,--,--,--,--,--,--,--,--
466990,2024,06,13,16,1000.9,1003.1,30.8,24.5,69,3.1,50,7.2,30,0.0,0.0,0.0,0.82,--,2,--,--,--,--,--,--,--,--
466990,2024,06,13,17,1001.2,1003.4,29.7,25.5,78,2.6,80,5.8,30,0.0,0.0,0.2,0.74,20.0,2,6.0,--,--,--,--,--,--,--
466990,2024,06,13,18,1001.5,1003.7,29.8,25.3,77,1.6,20,3.7,360,0.0,0.0,0.2,0.33,--,0,--,--,--,--,--,--,--,--
466990,2024,06,13,19,1002.0,1004.2,29.6,24.7,75,2.2,20,4.6,20,0.0,0.0,0.0,0.03,--,0,--,--,--,--,--,--,--,--
466990,2024,06,13,20,1002.4,1004.6,29.4,24.5,75,2.2,10,4.3,30,0.0,0.0,--,0.00,--,0,--,--,--,--,--,--,--,--
466990,2024,06,13,21,1003.1,1005.3,28.9,24.5,77,1.3,240,4.6,20,0.0,0.0,--,0.00,--,0,--,28.6,28.8,29.4,29.4,29.4,29.5,28.2
466990,2024,06,13,22,1003.5,1005.7,28.2,24.6,81,1.6,260,4.4,250,0.0,0.0,--,0.00,--,0,--,--,--,--,--,--,--,--
466990,2024,06,13,23,1003.3,1005.5,27.5,24.6,84,3.1,240,4.4,240,0.0,0.0,--,0.00,--,0,--,--,--,--,--,--,--,--
466990,2024,06,13,24,1003.0,1005.2,27.5,24.8,85,2.3,250,4.2,250,0.0,0.0,--,0.00,--,0,--,--,--,--,--,--,--,--
466990,2024,06,14,01,1002.5,1004.7,27.2,24.7,86,2.8,250,5.0,260,0.0,0.0,--,0.00,--,0,--,--,--,--,--,--,--,--
466990,2024,06,14,02,1002.0,1004.2,27.1,24.4,85,2.7,240,4.5,240,0.0,0.0,--,0.00,--,0,--,--,--,--,--,--,--,--
466990,2024,06,14,03,1001.9,1004.1,26.8,24.5,87,3.0,230,4.8,240,0.0,0.0,--,0.00,--,0,--,--,--,--,--,--,--,--
466990,2024,06,14,04,1001.6,1003.8,26.7,24.2,86,3.2,250,5.1,240,T,0.1,--,0.00,--,0,--,--,--,--,--,--,--,--
466990,2024,06,14,05,1001.5,1003.7,26.5,24.4,88,2.3,250,4.9,250,0.0,0.0,--,0.00,--,0,--,27.3,27.4,27.8,28.2,28.9,29.5,28.2
466990,2024,06,14,06,1001.9,1004.1,27.0,23.9,83,2.4,270,4.4,250,0.0,0.0,0.0,0.05,--,0,--,--,--,--,--,--,--,--
466990,2024,06,14,07,1002.0,1004.2,27.2,23.9,82,1.4,270,3.6,240,0.0,0.0,0.0,0.17,--,0,--,--,--,--,--,--,--,--
466990,2024,06,14,08,1002.2,1004.4,27.7,24.4,82,1.1,290,3.0,270,0.0,0.0,0.0,0.28,20.0,1,9.0,--,--,--,--,--,--,--
466990,2024,06,14,09,1002.3,1004.5,27.7,24.6,83,1.6,260,2.5,250,T,0.8,0.0,0.46,18.0,1,9.0,27.4,27.2,27.6,27.8,28.6,29.4,28.2
466990,2024,06,14,10,1001.8,1004.0,28.9,24.7,78,1.0,310,2.3,260,T,0.5,0.0,0.72,--,3,--,--,--,--,--,--,--,--
466990,2024,06,14,11,1002.2,1004.4,29.4,25.2,78,1.9,90,3.8,120,0.0,0.0,0.0,1.03,18.0,4,9.0,--,--,--,--,--,--,--
466990,2024,06,14,12,1001.9,1004.1,29.5,25.5,79,2.3,60,5.2,70,0.0,0.0,0.1,1.49,--,6,--,--,--,--,--,--,--,--
466990,2024,06,14,13,1001.3,1003.5,30.8,25.9,75,3.5,50,5.6,40,0.0,0.0,0.4,2.21,--,8,--,--,--,--,--,--,--,--
466990,2024,06,14,14,1001.4,1003.6,30.1,25.6,77,3.0,80,5.7,60,0.0,0.0,0.2,1.83,15.0,7,8.0,29.0,28.6,28.9,28.2,28.5,29.3,28.3
466990,2024,06,14,15,1001.2,1003.4,30.1,24.3,71,2.4,20,5.3,70,0.0,0.0,0.0,1.32,--,5,--,--,--,--,--,--,--,--
466990,2024,06,14,16,1001.2,1003.4,30.3,25.2,74,1.3,360,3.6,10,0.0,0.0,0.0,1.07,--,3,--,--,--,--,--,--,--,--
466990,2024,06,14,17,1001.2,1003.4,29.5,25.7,80,1.5,90,3.5,80,0.0,0.0,0.0,0.57,15.0,1,8.0,--,--,--,--,--,--,--
466990,2024,06,14,18,1001.3,1003.5,29.1,24.9,78,0.9,20,3.0,120,0.0,0.0,0.0,0.29,--,0,--,--,--,--,--,--,--,--
466990,2024,06,14,19,1001.6,1003.8,28.6,25.6,84,0.9,160,3.0,340,0.0,0.0,0.0,0.07,--,0,--,--,--,--,--,--,--,--
466990,2024,06,14,20,1002.1,1004.3,28.0,25.4,86,1.8,240,3.3,230,0.0,0.0,--,0.00,--,0,--,--,--,--,--,--,--,--
466990,2024,06,14,21,1002.5,1004.7,28.2,25.0,83,1.4,210,2.9,230,0.0,0.0,--,0.00,--,0,--,28.3,28.5,29.0,29.0,29.2,29.4,28.3
466990,2024,06,14,22,1003.2,1005.4,27.5,24.4,83,2.6,250,4.9,220,0.0,0.0,--,0.00,--,0,--,--,--,--,--,--,--,--
466990,2024,06,14,23,1003.2,1005.4,27.0,24.8,88,2.8,210,5.7,230,0.0,0.0,--,0.00,--,0,--,--,--,--,--,--,--,--
466990,2024,06,14,24,1002.9,1005.1,26.8,24.3,86,2.9,220,5.6,200,0.0,0.0,--,0.00,--,0,--,--,--,--,--,--,--,--
466990,2024,06,15,01,1002.2,1004.4,26.6,23.7,84,4.2,240,5.8,230,0.0,0.0,--,0.00,--,0,--,--,--,--,--,--,--,--
466990,2024,06,15,02,1002.3,1004.5,26.0,23.7,87,2.5,250,5.2,230,0.0,0.0,--,0.00,--,0,--,--,--,--,--,--,--,--
466990,2024,06,15,03,1002.0,1004.2,26.0,23.1,84,2.0,270,3.9,230,0.0,0.0,--,0.00,--,0,--,--,--,--,--,--,--,--
466990,2024,06,15,04,1001.7,1003.9,26.0,22.1,79,2.4,250,3.7,250,0.0,0.0,--,0.00,--,0,--,--,--,--,--,--,--,--
466990,2024,06,15,05,1001.7,1003.9,25.7,22.8,84,2.5,250,4.2,240,0.0,0.0,--,0.00,--,0,--,26.5,26.8,27.4,27.9,28.7,29.4,28.3
466990,2024,06,15,06,1001.8,1004.0,26.1,23.0,83,2.2,250,5.1,240,0.0,0.0,0.1,0.12,--,0,--,--,--,--,--,--,--,--
466990,2024,06,15,07,1002.1,1004.3,28.2,24.4,80,3.4,220,5.3,240,0.0,0.0,0.9,0.90,--,1,--,--,--,--,--,--,--,--
466990,2024,06,15,08,1002.7,1004.9,29.5,24.6,75,1.4,180,5.5,230,0.0,0.0,1.0,1.68,25.0,2,4.0,--,--,--,--,--,--,--
466990,2024,06,15,09,1003.0,1005.2,29.5,25.1,77,2.4,120,3.8,130,0.0,0.0,1.0,2.52,25.0,5,5.0,27.8,27.2,27.4,27.4,28.3,29.3,28.3
466990,2024,06,15,10,1002.9,1005.1,29.1,25.5,81,2.6,100,4.0,120,0.0,0.0,0.4,1.41,--,6,--,--,--,--,--,--,--,--
466990,2024,06,15,11,1002.9,1005.1,30.4,25.9,77,2.8,90,4.3,90,0.0,0.0,0.7,2.51,25.0,9,6.0,--,--,--,--,--,--,--
466990,2024,06,15,12,1002.5,1004.6,31.7,25.6,70,4.7,80,7.2,80,0.0,0.0,1.0,3.60,--,13,--,--,--,--,--,--,--,--
466990,2024,06,15,13,1002.3,1004.4,31.9,24.8,66,4.5,60,8.7,40,0.0,0.0,1.0,3.32,--,12,--,--,--,--,--,--,--,--
466990,2024,06,15,14,1002.3,1004.4,32.0,25.1,67,5.0,40,8.2,30,0.0,0.0,1.0,3.50,20.0,11,6.0,30.3,29.3,29.6,28.4,28.4,29.3,28.4
466990,2024,06,15,15,1002.2,1004.3,31.8,24.4,65,5.3,40,8.9,30,0.0,0.0,1.0,2.57,--,7,--,--,--,--,--,--,--,--
466990,2024,06,15,16,1002.2,1004.3,31.6,24.5,66,5.3,20,9.5,40,0.0,0.0,1.0,2.31,--,5,--,--,--,--,--,--,--,--
466990,2024,06,15,17,1002.5,1004.7,31.1,24.3,67,4.8,20,10.3,40,0.0,0.0,1.0,1.34,25.0,2,4.0,--,--,--,--,--,--,--
466990,2024,06,15,18,1002.8,1005.0,30.5,24.4,70,4.3,30,9.7,20,0.0,0.0,0.3,0.32,--,0,--,--,--,--,--,--,--,--
466990,2024,06,15,19,1003.4,1005.6,30.8,23.5,65,4.0,360,8.1,30,0.0,0.0,0.0,0.06,--,0,--,--,--,--,--,--,--,--
466990,2024,06,15,20,1003.8,1006.0,30.6,23.3,65,1.4,360,6.8,350,0.0,0.0,--,0.00,--,0,--,--,--,--,--,--,--,--
466990,2024,06,15,21,1004.3,1006.5,29.3,24.9,77,0.8,260,4.2,40,0.0,0.0,--,0.00,--,0,--,29.5,30.1,30.8,30.6,30.2,30.0,28.4
466990,2024,06,15,22,1004.8,1007.0,29.5,24.8,76,1.8,340,5.0,30,0.0,0.0,--,0.00,--,0,--,--,--,--,--,--,--,--
466990,2024,06,15,23,1005.1,1007.3,28.2,24.4,80,2.3,250,3.9,240,0.0,0.0,--,0.00,--,0,--,--,--,--,--,--,--,--
466990,2024,06,15,24,1005.1,1007.3,28.2,24.2,79,2.0,250,5.0,220,0.0,0.0,--,0.00,--,0,--,--,--,--,--,--,--,--
466990,2024,06,16,01,1004.8,1007.0,27.6,23.0,76,1.9,250,4.0,240,0.0,0.0,--,0.00,--,0,--,--,--,--,--,--,--,--
466990,2024,06,16,02,1004.8,1007.0,27.5,23.1,77,2.2,250,4.4,240,0.0,0.0,--,0.00,--,0,--,--,--,--,--,--,--,--
466990,2024,06,16,03,1004.8,1007.0,27.5,23.1,77,3.9,240,6.5,240,0.0,0.0,--,0.00,--,0,--,--,--,--,--,--,--,--
466990,2024,06,16,04,1005.0,1007.2,27.2,23.3,79,5.9,230,8.8,240,0.0,0.0,--,0.00,--,0,--,--,--,--,--,--,--,--
466990,2024,06,16,05,1005.2,1007.4,27.2,22.8,77,4.9,230,8.1,240,0.0,0.0,--,0.00,--,0,--,27.6,28.0,28.5,29.0,29.6,30.2,28.4
466990,2024,06,16,06,1005.3,1007.5,27.1,23.8,82,5.1,240,8.6,220,0.0,0.0,0.3,0.15,--,0,--,--,--,--,--,--,--,--
466990,2024,06,16,07,1005.9,1008.1,27.5,23.5,79,5.6,240,8.1,240,0.0,0.0,0.0,0.40,--,1,--,--,--,--,--,--,--,--
466990,2024,06,16,08,1006.2,1008.4,29.9,24.3,72,4.0,230,7.7,220,0.0,0.0,0.7,1.33,25.0,2,8.0,--,--,--,--,--,--,--
466990,2024,06,16,09,1006.7,1008.9,29.4,24.1,73,4.3,220,6.2,210,0.0,0.0,0.0,0.84,25.0,2,8.0,28.3,28.0,28.4,28.5,29.3,30.1,28.5
466990,2024,06,16,10,1006.8,1009.0,30.6,26.3,78,5.2,180,8.1,190,0.0,0.0,0.9,2.86,--,8,--,--,--,--,--,--,--,--
466990,2024,06,16,11,1006.7,1008.9,31.6,27.3,78,5.3,180,9.9,180,0.0,0.0,1.0,3.52,25.0,11,6.0,--,--,--,--,--,--,--
466990,2024,06,16,12,1005.9,1008.1,30.6,27.0,81,4.3,160,9.1,180,0.0,0.0,0.7,2.76,--,10,--,--,--,--,--,--,--,--
466990,2024,06,16,13,1005.1,1007.3,30.1,27.1,84,5.0,170,7.4,170,0.0,0.0,0.0,1.85,--,7,--,--,--,--,--,--,--,--
466990,2024,06,16,14,1004.7,1006.9,30.5,27.1,82,5.8,170,9.7,180,0.0,0.0,0.8,2.43,25.0,8,9.0,30.4,29.8,30.0,29.3,29.4,30.1,28.5
466990,2024,06,16,15,1004.4,1006.6,30.4,27.2,83,4.9,170,8.6,170,0.0,0.0,0.8,2.21,--,6,--,--,--,--,--,--,--,--
466990,2024,06,16,16,1004.3,1006.5,30.5,27.3,83,2.9,160,8.2,160,0.0,0.0,0.4,1.40,--,3,--,--,--,--,--,--,--,--
466990,2024,06,16,17,1004.8,1007.0,30.1,26.7,82,2.1,90,5.9,170,0.0,0.0,0.0,0.44,20.0,1,10.0,--,--,--,--,--,--,--
466990,2024,06,16,18,1004.8,1007.0,29.9,26.3,81,2.7,80,4.3,80,0.0,0.0,0.0,0.21,--,0,--,--,--,--,--,--,--,--
466990,2024,06,16,19,1005.6,1007.8,30.0,26.4,81,2.2,30,4.0,70,T,0.1,0.0,0.03,--,0,--,--,--,--,--,--,--,--
466990,2024,06,16,20,1006.3,1008.5,29.6,26.8,85,2.0,20,3.8,20,0.0,0.0,--,0.00,--,0,--,--,--,--,--,--,--,--
466990,2024,06,16,21,1005.9,1008.1,29.3,26.7,86,0.7,60,3.5,10,0.0,0.0,--,0.00,--,0,--,29.8,30.0,30.5,30.5,30.4,30.6,28.6
466990,2024,06,16,22,1006.2,1008.4,29.2,26.2,84,1.6,30,4.0,20,0.0,0.0,--,0.00,--,0,--,--,--,--,--,--,--,--
466990,2024,06,16,23,1006.0,1008.2,28.7,25.9,85,2.0,360,4.4,60,0.0,0.0,--,0.00,--,0,--,--,--,--,--,--,--,--
466990,2024,06,16,24,1006.0,1008.2,28.2,25.6,86,3.8,20,6.2,20,0.0,0.0,--,0.00,--,0,--,--,--,--,--,--,--,--
466990,2024,06,17,01,1005.9,1008.1,28.0,25.4,86,2.6,10,5.9,60,0.0,0.0,--,0.00,--,0,--,--,--,--,--,--,--,--
466990,2024,06,17,02,1005.4,1007.6,27.7,25.5,88,1.2,350,4.4,360,0.0,0.0,--,0.00,--,0,--,--,--,--,--,--,--,--
466990,2024,06,17,03,1005.0,1007.2,27.8,25.2,86,1.0,360,2.7,340,0.0,0.0,--,0.00,--,0,--,--,--,--,--,--,--,--
466990,2024,06,17,04,1004.6,1006.8,27.3,25.0,87,0.8,260,1.9,230,0.0,0.0,--,0.00,--,0,--,--,--,--,--,--,--,--
466990,2024,06,17,05,1004.7,1006.9,27.5,25.0,86,0.8,150,1.5,300,0.0,0.0,--,0.00,--,0,--,28.4,28.6,29.1,29.4,30.0,30.7,28.7
466990,2024,06,17,06,1005.4,1007.6,27.3,25.1,88,0.9,230,2.2,130,0.0,0.0,0.0,0.04,--,0,--,--,--,--,--,--,--,--
466990,2024,06,17,07,1005.5,1007.7,28.0,25.2,85,1.7,10,3.1,20,0.0,0.0,0.0,0.24,--,0,--,--,--,--,--,--,--,--
466990,2024,06,17,08,1005.8,1008.0,28.5,24.9,81,1.9,30,4.4,40,0.0,0.0,0.0,0.54,10.0,1,9.0,--,--,--,--,--,--,--
466990,2024,06,17,09,1005.9,1008.1,29.0,24.8,78,2.6,30,5.4,30,0.0,0.0,0.0,0.57,10.0,2,10.0,28.3,28.4,28.8,29.0,29.7,30.6,28.7
466990,2024,06,17,10,1005.9,1008.1,29.8,24.9,75,2.4,350,4.8,30,0.0,0.0,0.0,1.03,--,4,--,--,--,--,--,--,--,--
466990,2024,06,17,11,1006.2,1008.4,29.4,25.2,78,2.0,130,3.2,140,0.0,0.0,0.0,1.23,10.0,5,10.0,--,--,--,--,--,--,--
466990,2024,06,17,12,1005.7,1007.9,29.2,25.4,80,1.7,150,3.3,160,0.0,0.0,0.0,0.83,--,4,--,--,--,--,--,--,--,--
466990,2024,06,17,13,1005.0,1007.2,31.1,26.8,78,1.6,130,3.7,140,0.0,0.0,0.2,2.02,--,8,--,--,--,--,--,--,--,--
466990,2024,06,17,14,1004.3,1006.5,30.5,26.2,78,4.2,170,6.2,160,0.0,0.0,0.3,2.46,20.0,9,9.0,31.2,30.2,30.1,29.4,29.7,30.5,28.8
466990,2024,06,17,15,1003.5,1005.7,30.1,26.1,79,5.0,180,10.4,170,0.0,0.0,0.0,1.68,--,5,--,--,--,--,--,--,--,--
466990,2024,06,17,16,1003.1,1005.3,29.9,26.7,83,4.5,180,8.9,160,0.0,0.0,0.0,0.89,--,3,--,--,--,--,--,--,--,--
466990,2024,06,17,17,1003.1,1005.3,30.0,26.8,83,1.3,150,8.8,200,0.0,0.0,0.0,0.39,15.0,1,8.0,--,--,--,--,--,--,--
466990,2024,06,17,18,1003.8,1006.0,29.2,27.2,89,2.4,20,4.8,360,T,0.4,0.0,0.14,--,0,--,--,--,--,--,--,--,--
466990,2024,06,17,19,1004.4,1006.6,28.7,27.1,91,1.8,20,3.4,350,T,0.6,0.0,0.01,--,0,--,--,--,--,--,--,--,--
466990,2024,06,17,20,1004.9,1007.1,28.5,26.9,91,2.6,20,4.8,360,T,0.1,--,0.00,--,0,--,--,--,--,--,--,--,--
466990,2024,06,17,21,1005.4,1007.6,28.4,26.8,91,3.2,30,4.9,40,T,0.2,--,0.00,--,0,--,29.4,29.7,30.2,30.2,30.3,30.7,28.9
466990,2024,06,17,22,1005.6,1007.8,28.3,26.7,91,3.7,20,6.2,40,0.0,0.0,--,0.00,--,0,--,--,--,--,--,--,--,--
466990,2024,06,17,23,1005.6,1007.8,28.0,26.0,89,1.8,350,4.9,340,0.0,0.0,--,0.00,--,0,--,--,--,--,--,--,--,--
466990,2024,06,17,24,1005.3,1007.5,28.1,25.1,84,2.6,340,4.7,330,0.0,0.0,--,0.00,--,0,--,--,--,--,--,--,--,--
466990,2024,06,18,01,1004.8,1007.0,27.3,24.8,86,1.6,250,4.0,320,0.0,0.0,--,0.00,--,0,--,--,--,--,--,--,--,--
466990,2024,06,18,02,1004.2,1006.4,27.2,23.7,81,1.6,280,3.7,240,0.0,0.0,--,0.00,--,0,--,--,--,--,--,--,--,--
466990,2024,06,18,03,1003.9,1006.1,26.2,22.9,82,2.3,240,3.5,230,0.0,0.0,--,0.00,--,0,--,--,--,--,--,--,--,--
466990,2024,06,18,04,1003.9,1006.1,26.7,24.0,85,1.5,260,3.2,270,0.0,0.0,--,0.00,--,0,--,--,--,--,--,--,--,--
466990,2024,06,18,05,1004.4,1006.6,26.4,23.5,84,1.3,240,2.7,290,0.0,0.0,--,0.00,--,0,--,27.4,27.8,28.4,28.9,29.7,30.5,28.9
466990,2024,06,18,06,1005.5,1007.7,26.7,24.7,89,2.3,240,4.8,230,0.0,0.0,0.0,0.06,--,0,--,--,--,--,--,--,--,--
466990,2024,06,18,07,1005.9,1008.1,27.2,23.5,80,2.1,230,3.9,260,0.0,0.0,0.0,0.32,--,0,--,--,--,--,--,--,--,--
466990,2024,06,18,08,1006.3,1008.5,28.3,23.2,74,0.6,V,3.3,240,0.0,0.0,0.0,0.44,10.0,1,10.0,--,--,--,--,--,--,--
466990,2024,06,18,09,1006.4,1008.6,29.8,24.9,75,1.5,80,3.2,100,0.0,0.0,0.0,1.27,15.0,3,10.0,28.3,28.0,28.3,28.4,29.3,30.4,29.0
466990,2024,06,18,10,1006.8,1009.0,29.5,26.3,83,4.8,40,8.4,60,0.0,0.0,0.0,1.35,--,5,--,--,--,--,--,--,--,--
466990,2024,06,18,11,1006.9,1009.1,30.3,25.8,77,4.3,30,8.7,20,0.0,0.0,0.1,2.16,20.0,8,9.0,--,--,--,--,--,--,--
466990,2024,06,18,12,1006.3,1008.5,30.9,25.3,72,5.4,40,9.0,30,0.0,0.0,0.5,3.09,--,11,--,--,--,--,--,--,--,--
466990,2024,06,18,13,1005.6,1007.8,30.3,26.3,79,4.7,40,9.6,240,0.0,0.0,0.1,2.12,--,8,--,--,--,--,--,--,--,--
466990,2024,06,18,14,1005.1,1007.3,31.2,26.0,74,5.2,50,9.2,50,0.0,0.0,0.6,2.57,20.0,9,8.0,32.0,31.1,30.8,29.5,29.5,30.2,29.0
466990,2024,06,18,15,1004.9,1007.1,30.6,25.5,74,5.7,40,9.9,30,0.0,0.0,0.3,1.78,--,6,--,--,--,--,--,--,--,--
466990,2024,06,18,16,1004.8,1007.0,29.3,25.1,78,4.7,40,10.2,60,0.0,0.0,0.3,1.03,--,3,--,--,--,--,--,--,--,--
466990,2024,06,18,17,1004.6,1006.8,29.2,25.0,78,5.6,40,11.2,30,0.0,0.0,0.0,0.49,15.0,1,9.0,--,--,--,--,--,--,--
466990,2024,06,18,18,1005.4,1007.6,29.2,25.0,78,4.4,30,9.3,20,0.0,0.0,0.0,0.29,--,0,--,--,--,--,--,--,--,--
466990,2024,06,18,19,1005.9,1008.1,28.3,25.3,84,2.7,20,7.5,50,0.0,0.0,0.0,0.07,--,0,--,--,--,--,--,--,--,--
466990,2024,06,18,20,1005.7,1007.9,28.1,25.3,85,1.2,70,4.3,40,0.0,0.0,--,0.00,--,0,--,--,--,--,--,--,--,--
466990,2024,06,18,21,1005.9,1008.1,28.3,25.3,84,2.1,350,3.6,350,0.0,0.0,--,0.00,--,0,--,29.5,30.0,30.5,30.6,30.6,30.6,29.0
466990,2024,06,18,22,1006.6,1008.8,27.8,25.2,86,0.7,260,2.6,330,0.0,0.0,--,0.00,--,0,--,--,--,--,--,--,--,--
466990,2024,06,18,23,1006.9,1009.1,27.6,25.1,86,2.1,250,4.7,230,0.0,0.0,--,0.00,--,0,--,--,--,--,--,--,--,--
466990,2024,06,18,24,1006.3,1008.5,27.6,24.9,85,2.6,250,5.0,230,0.0,0.0,--,0.00,--,0,--,--,--,--,--,--,--,--
466990,2024,06,19,01,1005.5,1007.7,27.4,24.1,82,1.7,260,4.7,230,0.0,0.0,--,0.00,--,0,--,--,--,--,--,--,--,--
466990,2024,06,19,02,1005.4,1007.6,26.7,24.6,88,2.2,240,3.2,250,0.0,0.0,--,0.00,--,0,--,--,--,--,--,--,--,--
466990,2024,06,19,03,1005.0,1007.2,26.6,24.6,89,1.3,260,3.9,230,0.0,0.0,--,0.00,--,0,--,--,--,--,--,--,--,--
466990,2024,06,19,04,1005.1,1007.3,26.6,24.6,89,1.7,250,3.3,250,0.0,0.0,--,0.00,--,0,--,--,--,--,--,--,--,--
466990,2024,06,19,05,1005.7,1007.9,26.3,24.5,90,1.5,250,4.3,240,0.0,0.0,--,0.00,--,0,--,27.8,28.2,28.8,29.3,30.0,30.6,29.0
466990,2024,06,19,06,1006.2,1008.4,26.5,24.2,87,2.6,240,3.7,250,0.0,0.0,0.0,0.07,--,0,--,--,--,--,--,--,--,--
466990,2024,06,19,07,1006.3,1008.5,27.8,24.9,84,2.3,240,5.2,230,0.0,0.0,0.2,0.43,--,0,--,--,--,--,--,--,--,--
466990,2024,06,19,08,1006.3,1008.5,30.4,25.0,73,2.7,210,4.9,220,0.0,0.0,1.0,1.78,18.0,2,5.0,--,--,--,--,--,--,--
466990,2024,06,19,09,1006.6,1008.8,29.5,25.5,79,3.1,160,5.0,160,0.0,0.0,0.4,1.88,18.0,4,7.0,29.2,28.6,28.8,28.8,29.7,30.5,29.1
466990,2024,06,19,10,1006.6,1008.8,30.1,26.1,79,3.5,170,5.4,170,0.0,0.0,0.7,2.11,--,7,--,--,--,--,--,--,--,--
466990,2024,06,19,11,1006.2,1008.4,31.6,26.6,75,2.0,150,6.6,170,0.0,0.0,1.0,3.43,18.0,11,6.0,--,--,--,--,--,--,--
466990,2024,06,19,12,1005.6,1007.8,31.2,26.9,78,3.9,160,7.1,160,0.0,0.0,1.0,3.66,--,13,--,--,--,--,--,--,--,--
466990,2024,06,19,13,1004.8,1007.0,31.4,27.3,79,2.2,150,6.8,180,0.0,0.0,1.0,3.62,--,12,--,--,--,--,--,--,--,--
466990,2024,06,19,14,1004.6,1006.7,32.3,27.5,76,2.4,150,5.9,140,0.0,0.0,1.0,3.38,18.0,11,4.0,35.3,33.6,32.3,30.1,29.9,30.6,29.1
466990,2024,06,19,15,1004.0,1006.2,31.3,27.0,78,2.3,150,7.5,160,0.0,0.0,0.7,2.06,--,6,--,--,--,--,--,--,--,--
466990,2024,06,19,16,1004.3,1006.5,29.9,26.9,84,1.8,150,5.3,140,0.0,0.0,0.1,0.54,--,2,--,--,--,--,--,--,--,--
466990,2024,06,19,17,1004.0,1006.2,29.5,27.5,89,2.5,170,4.7,140,T,0.8,0.0,0.10,8.0,0,10.0,--,--,--,--,--,--,--
466990,2024,06,19,18,1004.8,1007.0,27.4,26.4,94,1.6,310,8.2,240,32.0,1.0,0.0,0.04,--,0,--,--,--,--,--,--,--,--
466990,2024,06,19,19,1005.6,1007.8,25.7,24.8,95,4.2,360,9.0,340,25.5,0.7,0.0,0.02,--,0,--,--,--,--,--,--,--,--
466990,2024,06,19,20,1006.3,1008.5,25.5,24.5,94,2.9,10,7.2,350,T,0.5,--,0.00,--,0,--,--,--,--,--,--,--,--
466990,2024,06,19,21,1007.0,1009.2,26.2,25.2,94,1.7,150,5.2,40,T,0.4,--,0.00,--,0,--,27.6,28.5,29.4,29.9,30.9,31.4,29.1
466990,2024,06,19,22,1006.6,1008.8,26.6,25.4,93,1.1,220,4.6,310,T,0.1,--,0.00,--,0,--,--,--,--,--,--,--,--
466990,2024,06,19,23,1006.1,1008.3,26.4,25.4,94,1.7,270,3.1,260,T,0.1,--,0.00,--,0,--,--,--,--,--,--,--,--
466990,2024,06,19,24,1005.5,1007.7,26.2,25.3,95,3.9,240,5.8,240,0.0,0.0,--,0.00,--,0,--,--,--,--,--,--,--,--
466990,2024,06,20,01,1004.7,1006.9,25.9,25.0,95,3.2,230,6.4,230,0.0,0.0,--,0.00,--,0,--,--,--,--,--,--,--,--
466990,2024,06,20,02,1004.0,1006.2,25.8,24.9,95,3.8,230,5.6,240,0.0,0.0,--,0.00,--,0,--,--,--,--,--,--,--,--
466990,2024,06,20,03,1003.9,1006.1,25.7,24.8,95,3.4,220,6.5,230,0.0,0.0,--,0.00,--,0,--,--,--,--,--,--,--,--
466990,2024,06,20,04,1004.0,1006.2,25.6,24.7,95,3.7,230,6.7,230,0.0,0.0,--,0.00,--,0,--,--,--,--,--,--,--,--
466990,2024,06,20,05,1004.7,1006.9,25.5,24.3,93,2.8,260,6.4,220,0.0,0.0,--,0.00,--,0,--,27.0,27.2,27.9,28.6,29.7,30.9,29.3
466990,2024,06,20,06,1004.8,1007.0,25.8,24.4,92,3.1,240,5.5,250,0.0,0.0,0.1,0.10,--,0,--,--,--,--,--,--,--,--
466990,2024,06,20,07,1005.1,1007.3,27.8,25.2,86,2.5,230,6.5,240,0.0,0.0,0.7,0.83,--,1,--,--,--,--,--,--,--,--
466990,2024,06,20,08,1005.1,1007.3,30.1,25.4,76,2.4,240,4.3,240,0.0,0.0,1.0,1.75,20.0,2,6.0,--,--,--,--,--,--,--
466990,2024,06,20,09,1005.4,1007.6,30.2,25.9,78,1.9,160,3.6,180,0.0,0.0,0.8,1.95,20.0,5,8.0,28.3,27.8,28.0,28.1,29.3,30.7,29.4
466990,2024,06,20,10,1005.5,1007.7,30.3,25.8,77,2.1,120,3.4,140,0.0,0.0,0.7,2.20,--,7,--,--,--,--,--,--,--,--
466990,2024,06,20,11,1005.3,1007.5,31.4,27.3,79,4.8,160,6.7,170,0.0,0.0,1.0,3.49,20.0,11,5.0,--,--,--,--,--,--,--
466990,2024,06,20,12,1004.7,1006.9,31.1,27.5,81,4.4,160,6.9,170,0.0,0.0,1.0,3.68,--,13,--,--,--,--,--,--,--,--
466990,2024,06,20,13,1004.3,1006.5,31.4,27.5,80,5.6,170,10.4,170,0.0,0.0,1.0,3.66,--,13,--,--,--,--,--,--,--,--
466990,2024,06,20,14,1003.6,1005.8,31.7,27.6,79,6.0,180,10.5,170,0.0,0.0,1.0,3.46,20.0,11,6.0,33.6,32.9,31.8,29.6,29.6,30.7,29.5
466990,2024,06,20,15,1003.4,1005.6,30.7,27.5,83,6.8,170,10.7,170,0.0,0.0,0.6,2.10,--,6,--,--,--,--,--,--,--,--
466990,2024,06,20,16,1003.2,1005.4,30.1,27.5,86,5.7,170,11.0,180,0.0,0.0,0.0,0.77,--,2,--,--,--,--,--,--,--,--
466990,2024,06,20,17,1003.7,1005.9,30.0,27.4,86,5.9,180,8.8,180,0.0,0.0,0.0,0.57,18.0,1,9.0,--,--,--,--,--,--,--
466990,2024,06,20,18,1004.4,1006.6,29.8,25.8,79,5.1,190,9.2,190,0.0,0.0,0.0,0.15,--,0,--,--,--,--,--,--,--,--
466990,2024,06,20,19,1005.5,1007.7,28.4,25.8,86,3.5,240,7.8,220,T,0.2,0.0,0.02,--,0,--,--,--,--,--,--,--,--
466990,2024,06,20,20,1006.1,1008.3,27.9,25.9,89,2.2,260,4.7,240,T,0.4,--,0.00,--,0,--,--,--,--,--,--,--,--
466990,2024,06,20,21,1005.9,1008.1,27.5,25.9,91,4.3,240,6.4,250,0.0,0.0,--,0.00,--,0,--,29.7,30.1,30.7,30.6,30.8,31.4,29.5
466990,2024,06,20,22,1006.2,1008.4,27.2,25.4,90,4.3,230,7.1,220,0.0,0.0,--,0.00,--,0,--,--,--,--,--,--,--,--
466990,2024,06,20,23,1005.8,1008.0,27.1,25.1,89,4.5,240,7.1,230,0.0,0.0,--,0.00,--,0,--,--,--,--,--,--,--,--
466990,2024,06,20,24,1005.2,1007.4,26.9,24.9,89,4.6,240,6.2,240,0.0,0.0,--,0.00,--,0,--,--,--,--,--,--,--,--
466990,2024,06,21,01,1004.1,1006.3,26.7,24.9,90,3.6,240,5.7,230,0.0,0.0,--,0.00,--,0,--,--,--,--,--,--,--,--
466990,2024,06,21,02,1003.9,1006.1,26.5,24.9,91,2.8,230,4.9,240,0.0,0.0,--,0.00,--,0,--,--,--,--,--,--,--,--
466990,2024,06,21,03,1004.1,1006.3,26.4,24.8,91,2.3,230,4.0,240,0.0,0.0,--,0.00,--,0,--,--,--,--,--,--,--,--
466990,2024,06,21,04,1003.9,1006.1,26.4,24.6,90,3.0,240,4.8,240,0.0,0.0,--,0.00,--,0,--,--,--,--,--,--,--,--
466990,2024,06,21,05,1004.4,1006.6,26.2,24.6,91,1.3,250,4.7,230,0.0,0.0,--,0.00,--,0,--,27.7,28.0,28.6,29.2,30.1,31.2,29.5
466990,2024,06,21,06,1005.0,1007.2,26.7,24.6,88,2.3,250,4.4,270,0.0,0.0,0.0,0.10,--,0,--,--,--,--,--,--,--,--
466990,2024,06,21,07,1005.3,1007.5,27.5,25.0,86,1.6,240,3.8,220,0.0,0.0,0.3,0.47,--,1,--,--,--,--,--,--,--,--
466990,2024,06,21,08,1005.8,1008.0,29.6,24.7,75,2.3,230,3.3,230,0.0,0.0,1.0,1.39,25.0,2,6.0,--,--,--,--,--,--,--
466990,2024,06,21,09,1005.5,1007.7,30.9,25.5,73,1.9,170,3.8,220,0.0,0.0,1.0,2.04,25.0,5,5.0,28.9,28.3,28.5,28.7,29.7,31.0,29.6
466990,2024,06,21,10,1005.2,1007.4,31.3,25.9,73,2.5,160,4.3,170,0.0,0.0,1.0,3.14,--,8,--,--,--,--,--,--,--,--
466990,2024,06,21,11,1004.8,1007.0,30.7,26.9,80,6.1,170,9.2,170,0.0,0.0,1.0,3.35,25.0,11,6.0,--,--,--,--,--,--,--
466990,2024,06,21,12,1004.6,1006.8,31.4,27.8,81,5.9,180,10.1,180,0.0,0.0,1.0,2.79,--,10,--,--,--,--,--,--,--,--
466990,2024,06,21,13,1004.0,1006.2,31.7,27.6,79,7.0,180,11.7,170,0.0,0.0,0.9,3.27,--,12,--,--,--,--,--,--,--,--
466990,2024,06,21,14,1003.2,1005.4,31.6,27.7,80,7.1,170,11.6,180,0.0,0.0,1.0,3.44,25.0,11,4.0,33.9,33.1,32.0,29.8,29.9,31.0,29.6
466990,2024,06,21,15,1003.2,1005.4,30.7,27.1,81,7.7,170,11.6,170,0.0,0.0,1.0,2.87,--,8,--,--,--,--,--,--,--,--
466990,2024,06,21,16,1003.6,1005.8,29.9,27.1,85,4.8,180,10.6,180,0.0,0.0,0.0,0.66,--,2,--,--,--,--,--,--,--,--
466990,2024,06,21,17,1004.2,1006.4,29.8,27.4,87,4.2,160,10.2,190,0.0,0.0,0.0,0.30,15.0,1,9.0,--,--,--,--,--,--,--
466990,2024,06,21,18,1004.3,1006.5,29.6,27.2,87,4.3,190,7.9,190,0.0,0.0,0.0,0.10,--,0,--,--,--,--,--,--,--,--
466990,2024,06,21,19,1004.8,1007.0,29.7,27.5,88,3.3,200,7.6,180,0.0,0.0,0.0,0.02,--,0,--,--,--,--,--,--,--,--
466990,2024,06,21,20,1005.2,1007.4,29.7,27.3,87,3.2,200,7.6,180,0.0,0.0,--,0.00,--,0,--,--,--,--,--,--,--,--
466990,2024,06,21,21,1005.4,1007.6,29.1,27.3,90,3.2,190,6.1,180,0.0,0.0,--,0.00,--,0,--,30.4,30.6,31.1,30.9,31.0,31.6,29.6
466990,2024,06,21,22,1006.2,1008.4,29.1,26.7,87,1.8,230,4.3,190,0.0,0.0,--,0.00,--,0,--,--,--,--,--,--,--,--
466990,2024,06,21,23,1006.2,1008.4,28.8,26.8,89,2.2,230,3.3,230,0.0,0.0,--,0.00,--,0,--,--,--,--,--,--,--,--
466990,2024,06,21,24,1005.6,1007.8,28.6,25.2,82,2.8,230,4.5,220,0.0,0.0,--,0.00,--,0,--,--,--,--,--,--,--,--
466990,2024,06,22,01,1005.5,1007.7,28.4,25.2,83,3.3,220,5.1,220,0.0,0.0,--,0.00,--,0,--,--,--,--,--,--,--,--
466990,2024,06,22,02,1005.1,1007.3,28.0,24.4,81,3.1,220,5.5,230,0.0,0.0,--,0.00,--,0,--,--,--,--,--,--,--,--
466990,2024,06,22,03,1004.9,1007.1,27.7,25.0,85,4.1,230,6.0,220,0.0,0.0,--,0.00,--,0,--,--,--,--,--,--,--,--
466990,2024,06,22,04,1004.6,1006.8,27.5,24.2,82,3.6,230,5.7,220,0.0,0.0,--,0.00,--,0,--,--,--,--,--,--,--,--
466990,2024,06,22,05,1004.5,1006.7,26.9,24.2,85,3.1,230,6.2,230,0.0,0.0,--,0.00,--,0,--,28.3,28.6,29.2,29.6,30.4,31.5,29.7
466990,2024,06,22,06,1004.8,1007.0,27.2,23.5,80,3.4,230,4.7,220,0.0,0.0,0.7,0.16,--,0,--,--,--,--,--,--,--,--
466990,2024,06,22,07,1005.3,1007.5,29.2,25.0,78,2.7,230,5.4,230,0.0,0.0,1.0,0.81,--,1,--,--,--,--,--,--,--,--
466990,2024,06,22,08,1005.6,1007.8,30.8,25.4,73,2.5,210,5.2,210,0.0,0.0,1.0,1.64,25.0,2,5.0,--,--,--,--,--,--,--
466990,2024,06,22,09,1005.7,1007.9,30.7,25.3,73,2.5,160,4.5,170,0.0,0.0,1.0,2.30,25.0,5,6.0,29.2,28.7,28.9,29.0,30.0,31.3,29.7
466990,2024,06,22,10,1005.8,1008.0,31.2,26.9,78,4.9,180,8.0,190,0.0,0.0,1.0,2.96,--,8,--,--,--,--,--,--,--,--
466990,2024,06,22,11,1005.7,1007.9,31.2,27.6,81,6.5,170,11.4,180,0.0,0.0,1.0,3.39,25.0,11,7.0,--,--,--,--,--,--,--
466990,2024,06,22,12,1005.3,1007.5,31.5,27.9,81,7.9,170,11.2,180,0.0,0.0,1.0,3.65,--,13,--,--,--,--,--,--,--,--
466990,2024,06,22,13,1004.7,1006.9,31.4,27.8,81,7.2,170,12.2,180,0.0,0.0,1.0,3.54,--,12,--,--,--,--,--,--,--,--
466990,2024,06,22,14,1004.2,1006.4,31.0,27.2,80,8.2,180,15.1,190,0.0,0.0,1.0,3.16,25.0,10,8.0,34.3,33.6,32.5,30.2,30.1,31.4,29.8
466990,2024,06,22,15,1003.7,1005.9,31.1,27.5,81,8.0,180,14.5,180,0.0,0.0,0.9,2.44,--,7,--,--,--,--,--,--,--,--
466990,2024,06,22,16,1003.6,1005.8,30.6,27.4,83,7.3,180,15.3,190,0.0,0.0,0.8,1.53,--,4,--,--,--,--,--,--,--,--
466990,2024,06,22,17,1003.7,1005.9,30.3,27.1,83,8.7,180,14.9,180,0.0,0.0,0.3,0.80,20.0,1,7.0,--,--,--,--,--,--,--
466990,2024,06,22,18,1004.1,1006.3,29.9,26.9,84,8.5,180,14.4,180,0.0,0.0,0.1,0.31,--,0,--,--,--,--,--,--,--,--
466990,2024,06,22,19,1004.9,1007.1,29.7,26.7,84,8.4,190,13.9,180,0.0,0.0,0.0,0.05,--,0,--,--,--,--,--,--,--,--
466990,2024,06,22,20,1005.3,1007.5,29.6,26.8,85,6.2,190,12.2,180,0.0,0.0,--,0.00,--,0,--,--,--,--,--,--,--,--
466990,2024,06,22,21,1005.9,1008.1,29.0,26.8,88,5.7,180,9.9,180,0.0,0.0,--,0.00,--,0,--,30.7,31.0,31.5,31.3,31.4,32.1,29.8
466990,2024,06,22,22,1006.5,1008.7,28.9,26.9,89,4.3,190,7.7,180,0.0,0.0,--,0.00,--,0,--,--,--,--,--,--,--,--
466990,2024,06,22,23,1006.5,1008.7,28.7,26.9,90,2.8,190,6.2,170,0.0,0.0,--,0.00,--,0,--,--,--,--,--,--,--,--
466990,2024,06,22,24,1006.2,1008.4,28.8,26.8,89,2.1,190,4.9,190,0.0,0.0,--,0.00,--,0,--,--,--,--,--,--,--,--
466990,2024,06,23,01,1005.9,1008.1,28.8,27.0,90,1.1,200,2.2,180,0.0,0.0,--,0.00,--,0,--,--,--,--,--,--,--,--
466990,2024,06,23,02,1005.5,1007.7,28.5,26.5,89,1.7,190,2.8,190,0.0,0.0,--,0.00,--,0,--,--,--,--,--,--,--,--
466990,2024,06,23,03,1005.5,1007.7,28.5,26.9,91,2.1,230,3.2,230,0.0,0.0,--,0.00,--,0,--,--,--,--,--,--,--,--
466990,2024,06,23,04,1005.8,1008.0,28.4,27.0,92,0.8,220,3.6,230,0.0,0.0,--,0.00,--,0,--,--,--,--,--,--,--,--
466990,2024,06,23,05,1006.0,1008.2,28.4,27.0,92,2.5,240,3.3,240,0.0,0.0,--,0.00,--,0,--,29.2,29.2,29.7,30.0,30.7,32.0,29.9
466990,2024,06,23,06,1006.0,1008.2,28.5,25.3,83,1.4,240,3.1,230,0.0,0.0,0.5,0.18,--,0,--,--,--,--,--,--,--,--
466990,2024,06,23,07,1006.3,1008.5,29.4,26.6,85,1.9,190,3.2,210,0.0,0.0,1.0,0.77,--,1,--,--,--,--,--,--,--,--
466990,2024,06,23,08,1006.3,1008.5,30.4,26.6,80,2.6,180,4.3,170,0.0,0.0,1.0,1.64,25.0,2,1.0,--,--,--,--,--,--,--
466990,2024,06,23,09,1006.3,1008.5,31.1,26.6,77,5.1,170,7.5,170,0.0,0.0,1.0,2.40,25.0,5,2.0,30.1,29.5,29.7,29.6,30.4,31.8,29.9
466990,2024,06,23,10,1006.3,1008.5,30.6,26.6,79,6.9,170,10.1,170,0.0,0.0,1.0,2.92,--,8,--,--,--,--,--,--,--,--
466990,2024,06,23,11,1006.0,1008.2,31.2,26.5,76,7.9,180,12.9,180,0.0,0.0,1.0,3.37,25.0,11,2.0,--,--,--,--,--,--,--
466990,2024,06,23,12,1005.9,1008.1,31.6,26.9,76,6.4,170,12.8,190,0.0,0.0,1.0,3.64,--,12,--,--,--,--,--,--,--,--
466990,2024,06,23,13,1005.3,1007.5,32.0,27.7,78,6.9,170,13.6,170,0.0,0.0,0.9,3.52,--,12,--,--,--,--,--,--,--,--
466990,2024,06,23,14,1004.6,1006.8,31.6,27.5,79,8.1,180,14.4,200,0.0,0.0,1.0,3.38,25.0,10,1.0,35.0,34.1,33.0,30.7,30.6,31.9,30.0
466990,2024,06,23,15,1004.3,1006.5,31.3,27.4,80,7.4,170,14.0,190,0.0,0.0,1.0,2.84,--,7,--,--,--,--,--,--,--,--
466990,2024,06,23,16,1004.2,1006.4,30.8,27.6,83,6.6,180,12.7,180,0.0,0.0,1.0,2.20,--,4,--,--,--,--,--,--,--,--
466990,2024,06,23,17,1004.5,1006.7,29.9,27.5,87,3.6,160,10.6,160,0.0,0.0,0.2,0.62,25.0,1,6.0,--,--,--,--,--,--,--
466990,2024,06,23,18,1005.3,1007.5,29.9,27.3,86,2.3,150,7.6,170,0.0,0.0,0.0,0.09,--,0,--,--,--,--,--,--,--,--
466990,2024,06,23,19,1005.3,1007.5,29.8,27.2,86,1.8,140,3.8,120,0.0,0.0,0.0,0.01,--,0,--,--,--,--,--,--,--,--
466990,2024,06,23,20,1005.9,1008.1,30.0,27.4,86,1.9,110,3.9,110,0.0,0.0,--,0.00,--,0,--,--,--,--,--,--,--,--
466990,2024,06,23,21,1006.6,1008.8,30.2,27.4,85,1.7,70,3.0,70,0.0,0.0,--,0.00,--,0,--,31.8,32.0,32.5,32.3,32.2,32.7,30.0
466990,2024,06,23,22,1007.0,1009.2,30.2,27.2,84,1.5,80,2.8,80,0.0,0.0,--,0.00,--,0,--,--,--,--,--,--,--,--
466990,2024,06,23,23,1007.3,1009.5,30.0,27.2,85,1.6,90,2.6,90,0.0,0.0,--,0.00,--,0,--,--,--,--,--,--,--,--
466990,2024,06,23,24,1007.1,1009.3,29.8,27.2,86,1.0,90,1.9,70,0.0,0.0,--,0.00,--,0,--,--,--,--,--,--,--,--
466990,2024,06,24,01,1007.0,1009.2,29.6,27.2,87,0.9,80,2.1,90,0.0,0.0,--,0.00,--,0,--,--,--,--,--,--,--,--
466990,2024,06,24,02,1006.7,1008.9,29.3,27.1,88,1.1,80,1.6,90,0.0,0.0,--,0.00,--,0,--,--,--,--,--,--,--,--
466990,2024,06,24,03,1006.8,1009.0,29.1,27.1,89,0.7,60,2.1,60,0.0,0.0,--,0.00,--,0,--,--,--,--,--,--,--,--
466990,2024,06,24,04,1007.1,1009.3,28.0,26.0,89,1.8,210,2.6,210,0.0,0.0,--,0.00,--,0,--,--,--,--,--,--,--,--
466990,2024,06,24,05,1007.1,1009.3,28.6,24.8,80,1.2,270,3.4,220,0.0,0.0,--,0.00,--,0,--,29.8,30.0,30.5,30.9,31.6,32.7,30.1
466990,2024,06,24,06,1007.5,1009.7,29.0,26.2,85,1.4,350,2.6,330,0.0,0.0,0.4,0.13,--,0,--,--,--,--,--,--,--,--
466990,2024,06,24,07,1007.7,1009.9,29.7,26.3,82,3.5,230,5.2,220,0.0,0.0,1.0,0.79,--,1,--,--,--,--,--,--,--,--
466990,2024,06,24,08,1007.6,1009.8,30.7,26.0,76,2.3,190,4.5,220,0.0,0.0,0.9,1.51,25.0,2,3.0,--,--,--,--,--,--,--
466990,2024,06,24,09,1007.4,1009.6,30.5,26.9,81,3.2,170,4.7,170,0.0,0.0,1.0,2.30,25.0,5,1.0,30.5,30.0,30.2,30.4,31.2,32.5,30.2
466990,2024,06,24,10,1007.3,1009.5,31.5,27.2,78,6.1,170,8.5,180,0.0,0.0,1.0,2.97,--,8,--,--,--,--,--,--,--,--
466990,2024,06,24,11,1007.0,1009.2,31.2,27.1,79,7.7,180,12.1,160,0.0,0.0,1.0,3.44,25.0,11,1.0,--,--,--,--,--,--,--
466990,2024,06,24,12,1006.5,1008.7,31.4,27.5,80,7.4,180,12.8,180,0.0,0.0,1.0,3.68,--,13,--,--,--,--,--,--,--,--
466990,2024,06,24,13,1006.1,1008.3,31.6,27.5,79,6.8,170,14.0,180,0.0,0.0,1.0,3.65,--,12,--,--,--,--,--,--,--,--
466990,2024,06,24,14,1005.8,1008.0,31.2,27.1,79,8.5,170,13.3,180,0.0,0.0,1.0,3.40,25.0,10,2.0,35.2,34.4,33.5,31.4,31.3,32.5,30.2
466990,2024,06,24,15,1005.5,1007.7,31.5,27.6,80,8.0,180,13.4,180,0.0,0.0,0.9,2.86,--,8,--,--,--,--,--,--,--,--
466990,2024,06,24,16,1005.7,1007.9,30.9,27.1,80,6.7,180,14.2,180,0.0,0.0,1.0,2.10,--,4,--,--,--,--,--,--,--,--
466990,2024,06,24,17,1006.1,1008.3,30.0,27.0,84,7.1,180,12.3,180,0.0,0.0,0.6,1.14,25.0,2,5.0,--,--,--,--,--,--,--
466990,2024,06,24,18,1006.8,1009.0,29.8,27.2,86,5.8,190,11.8,180,0.0,0.0,0.0,0.06,--,0,--,--,--,--,--,--,--,--
466990,2024,06,24,19,1007.5,1009.7,29.5,27.1,87,5.0,170,12.2,180,0.0,0.0,0.0,0.02,--,0,--,--,--,--,--,--,--,--
466990,2024,06,24,20,1008.5,1010.7,29.6,27.0,86,3.8,40,7.8,170,0.0,0.0,--,0.00,--,0,--,--,--,--,--,--,--,--
466990,2024,06,24,21,1010.5,1012.7,25.2,23.6,91,5.5,350,11.3,340,31.5,0.4,--,0.00,--,0,--,30.0,30.7,32.9,32.8,32.9,33.2,30.3
466990,2024,06,24,22,1010.9,1013.1,24.3,23.4,95,6.3,220,10.5,200,13.0,1.0,--,0.00,--,0,--,--,--,--,--,--,--,--
466990,2024,06,24,23,1009.8,1012.0,24.2,23.4,95,3.8,230,11.0,240,1.5,0.4,--,0.00,--,0,--,--,--,--,--,--,--,--
466990,2024,06,24,24,1009.5,1011.7,24.3,23.3,94,5.9,230,9.8,240,0.0,0.0,--,0.00,--,0,--,--,--,--,--,--,--,--
466990,2024,06,25,01,1009.6,1011.8,24.7,23.7,94,3.8,250,8.4,220,0.0,0.0,--,0.00,--,0,--,--,--,--,--,--,--,--
466990,2024,06,25,02,1009.1,1011.3,24.8,23.6,93,4.3,240,6.9,230,0.0,0.0,--,0.00,--,0,--,--,--,--,--,--,--,--
466990,2024,06,25,03,1008.8,1011.0,24.6,23.4,93,4.9,240,7.3,230,0.0,0.0,--,0.00,--,0,--,--,--,--,--,--,--,--
466990,2024,06,25,04,1008.7,1010.9,24.7,23.1,91,4.2,240,7.9,240,0.0,0.0,--,0.00,--,0,--,--,--,--,--,--,--,--
466990,2024,06,25,05,1009.1,1011.3,24.6,23.0,91,5.0,240,7.4,230,0.0,0.0,--,0.00,--,0,--,26.3,26.9,27.7,28.9,30.5,32.4,30.5
466990,2024,06,25,06,1009.5,1011.7,24.9,23.2,90,3.3,230,7.8,240,0.0,0.0,0.6,0.16,--,0,--,--,--,--,--,--,--,--
466990,2024,06,25,07,1009.7,1011.9,26.3,23.6,85,5.3,230,7.5,230,0.0,0.0,1.0,0.82,--,1,--,--,--,--,--,--,--,--
466990,2024,06,25,08,1009.7,1011.9,28.4,23.8,76,3.7,230,7.0,230,0.0,0.0,1.0,1.63,25.0,2,3.0,--,--,--,--,--,--,--
466990,2024,06,25,09,1009.9,1012.1,30.0,24.4,72,3.2,190,6.3,220,0.0,0.0,1.0,2.40,25.0,5,4.0,27.7,27.4,27.7,28.4,30.0,32.0,30.6
466990,2024,06,25,10,1009.6,1011.8,30.8,24.7,70,3.2,170,5.9,180,0.0,0.0,1.0,3.10,--,8,--,--,--,--,--,--,--,--
466990,2024,06,25,11,1009.4,1011.6,30.6,25.2,73,4.3,160,8.2,170,0.0,0.0,1.0,3.22,25.0,10,8.0,--,--,--,--,--,--,--
466990,2024,06,25,12,1009.0,1011.2,31.0,26.5,77,5.2,160,9.7,170,0.0,0.0,1.0,3.67,--,13,--,--,--,--,--,--,--,--
466990,2024,06,25,13,1008.5,1010.7,31.0,27.4,81,5.3,160,9.8,170,0.0,0.0,1.0,3.32,--,11,--,--,--,--,--,--,--,--
466990,2024,06,25,14,1008.4,1010.6,30.9,27.3,81,5.6,170,9.8,180,0.0,0.0,1.0,3.16,20.0,10,8.0,32.2,31.6,31.1,29.6,30.0,31.8,30.7
466990,2024,06,25,15,1008.1,1010.3,31.7,27.8,80,5.1,180,9.6,170,0.0,0.0,1.0,2.84,--,8,--,--,--,--,--,--,--,--
466990,2024,06,25,16,1008.0,1010.2,31.0,27.2,80,6.0,170,9.9,160,0.0,0.0,1.0,2.21,--,5,--,--,--,--,--,--,--,--
466990,2024,06,25,17,1008.0,1010.2,30.3,26.0,78,6.1,180,10.2,180,0.0,0.0,0.9,1.24,20.0,2,7.0,--,--,--,--,--,--,--
466990,2024,06,25,18,1008.6,1010.8,30.0,26.0,79,6.0,190,11.2,190,0.0,0.0,0.0,0.21,--,0,--,--,--,--,--,--,--,--
466990,2024,06,25,19,1009.3,1011.5,29.6,26.0,81,4.1,180,9.4,180,0.0,0.0,0.0,0.04,--,0,--,--,--,--,--,--,--,--
466990,2024,06,25,20,1010.2,1012.4,29.4,26.2,83,3.0,200,7.3,190,0.0,0.0,--,0.00,--,0,--,--,--,--,--,--,--,--
466990,2024,06,25,21,1010.9,1013.1,29.6,25.6,79,1.6,170,4.9,180,0.0,0.0,--,0.00,--,0,--,30.0,30.5,31.2,31.2,31.5,32.4,30.6
466990,2024,06,25,22,1011.8,1014.0,29.4,25.4,79,0.6,170,3.1,190,0.0,0.0,--,0.00,--,0,--,--,--,--,--,--,--,--
466990,2024,06,25,23,1011.6,1013.8,29.1,25.3,80,1.5,340,3.5,310,0.0,0.0,--,0.00,--,0,--,--,--,--,--,--,--,--
466990,2024,06,25,24,1011.4,1013.6,28.1,25.3,85,1.9,280,4.2,230,0.0,0.0,--,0.00,--,0,--,--,--,--,--,--,--,--
466990,2024,06,26,01,1011.4,1013.6,27.5,25.1,87,2.5,250,4.8,230,0.0,0.0,--,0.00,--,0,--,--,--,--,--,--,--,--
466990,2024,06,26,02,1010.7,1012.9,27.2,25.2,89,3.5,240,5.6,220,0.0,0.0,--,0.00,--,0,--,--,--,--,--,--,--,--
466990,2024,06,26,03,1010.9,1013.1,27.2,24.9,87,3.3,240,5.0,230,0.0,0.0,--,0.00,--,0,--,--,--,--,--,--,--,--
466990,2024,06,26,04,1010.9,1013.1,26.9,24.7,88,3.7,240,5.6,230,0.0,0.0,--,0.00,--,0,--,--,--,--,--,--,--,--
466990,2024,06,26,05,1011.1,1013.3,26.9,24.7,88,3.8,240,6.9,240,0.0,0.0,--,0.00,--,0,--,28.0,28.3,29.0,29.7,30.7,32.1,30.6
466990,2024,06,26,06,1011.4,1013.6,26.7,24.6,88,3.9,240,5.8,230,0.0,0.0,0.4,0.13,--,0,--,--,--,--,--,--,--,--
466990,2024,06,26,07,1012.1,1014.3,28.1,24.7,82,3.2,240,5.2,220,0.0,0.0,1.0,0.71,--,1,--,--,--,--,--,--,--,--
466990,2024,06,26,08,1012.0,1014.2,29.6,25.4,78,2.2,230,4.5,230,0.0,0.0,0.9,1.10,25.0,2,8.0,--,--,--,--,--,--,--
466990,2024,06,26,09,1012.0,1014.2,30.5,24.9,72,3.0,180,4.4,180,0.0,0.0,1.0,2.14,20.0,5,7.0,29.0,28.6,28.8,29.1,30.3,31.9,30.6
466990,2024,06,26,10,1012.0,1014.2,30.8,26.3,77,3.7,160,6.0,180,0.0,0.0,1.0,3.01,--,9,--,--,--,--,--,--,--,--
466990,2024,06,26,11,1011.7,1013.9,30.8,26.5,78,2.7,160,6.3,170,0.0,0.0,1.0,3.41,25.0,11,8.0,--,--,--,--,--,--,--
466990,2024,06,26,12,1011.7,1013.9,31.0,26.9,79,2.8,160,8.5,170,0.0,0.0,1.0,3.72,--,13,--,--,--,--,--,--,--,--
466990,2024,06,26,13,1011.3,1013.5,31.7,27.4,78,5.0,170,7.3,170,0.0,0.0,1.0,3.80,--,13,--,--,--,--,--,--,--,--
466990,2024,06,26,14,1010.7,1012.9,31.8,27.3,77,6.6,170,9.0,180,0.0,0.0,1.0,3.51,20.0,11,6.0,33.7,32.8,32.2,30.3,30.4,31.9,30.6
466990,2024,06,26,15,1010.8,1013.0,31.1,26.8,78,5.9,170,9.8,170,0.0,0.0,1.0,2.85,--,8,--,--,--,--,--,--,--,--
466990,2024,06,26,16,1010.4,1012.6,30.4,26.4,79,5.5,170,8.7,170,0.0,0.0,0.2,0.60,--,2,--,--,--,--,--,--,--,--
466990,2024,06,26,17,1010.4,1012.6,29.8,26.4,82,4.0,180,7.4,180,0.0,0.0,0.3,0.50,20.0,1,7.0,--,--,--,--,--,--,--
466990,2024,06,26,18,1010.9,1013.1,29.6,26.0,81,4.3,190,7.2,190,0.0,0.0,0.0,0.13,--,0,--,--,--,--,--,--,--,--
466990,2024,06,26,19,1011.2,1013.4,29.8,24.7,74,1.9,220,5.8,180,0.0,0.0,0.0,0.04,--,0,--,--,--,--,--,--,--,--
466990,2024,06,26,20,1011.7,1013.9,29.6,24.5,74,1.3,200,3.5,220,0.0,0.0,--,0.00,--,0,--,--,--,--,--,--,--,--
466990,2024,06,26,21,1012.1,1014.3,29.3,24.9,77,1.9,280,3.7,280,0.0,0.0,--,0.00,--,0,--,30.3,30.6,31.3,31.4,31.7,32.5,30.6
466990,2024,06,26,22,1012.4,1014.6,28.8,25.4,82,2.3,230,3.2,240,0.0,0.0,--,0.00,--,0,--,--,--,--,--,--,--,--
466990,2024,06,26,23,1012.3,1014.5,28.4,25.4,84,3.2,220,5.7,230,0.0,0.0,--,0.00,--,0,--,--,--,--,--,--,--,--
466990,2024,06,26,24,1011.8,1014.0,27.8,25.1,85,3.7,230,5.9,220,0.0,0.0,--,0.00,--,0,--,--,--,--,--,--,--,--
466990,2024,06,27,01,1011.8,1014.0,27.8,24.7,83,2.8,260,5.9,170,0.0,0.0,--,0.00,--,0,--,--,--,--,--,--,--,--
466990,2024,06,27,02,1011.9,1014.1,27.4,24.5,84,3.6,220,5.6,210,0.0,0.0,--,0.00,--,0,--,--,--,--,--,--,--,--
466990,2024,06,27,03,1012.5,1014.7,27.3,24.2,83,2.7,210,6.2,220,0.0,0.0,--,0.00,--,0,--,--,--,--,--,--,--,--
466990,2024,06,27,04,1011.8,1014.0,27.1,22.5,76,3.4,230,5.9,240,0.0,0.0,--,0.00,--,0,--,--,--,--,--,--,--,--
466990,2024,06,27,05,1011.8,1014.0,26.5,24.0,86,4.5,220,7.4,220,0.0,0.0,--,0.00,--,0,--,28.2,28.5,29.2,29.9,30.9,32.3,30.6
466990,2024,06,27,06,1011.7,1013.9,27.0,23.3,80,3.8,240,6.5,250,0.0,0.0,0.2,0.10,--,0,--,--,--,--,--,--,--,--
466990,2024,06,27,07,1012.1,1014.3,28.7,23.6,74,2.9,230,5.4,220,0.0,0.0,0.9,0.71,--,1,--,--,--,--,--,--,--,--
466990,2024,06,27,08,1011.9,1014.1,30.1,24.0,70,3.7,210,5.7,200,0.0,0.0,1.0,1.60,25.0,2,4.0,--,--,--,--,--,--,--
466990,2024,06,27,09,1011.9,1014.1,30.5,24.9,72,3.0,160,5.8,190,0.0,0.0,1.0,2.38,25.0,5,4.0,29.1,28.7,29.0,29.3,30.5,32.1,30.7
466990,2024,06,27,10,1011.7,1013.9,30.4,26.8,81,3.2,160,5.9,150,0.0,0.0,1.0,2.91,--,8,--,--,--,--,--,--,--,--
466990,2024,06,27,11,1011.2,1013.4,30.5,26.7,80,4.8,160,9.1,180,0.0,0.0,1.0,3.39,25.0,11,5.0,--,--,--,--,--,--,--
466990,2024,06,27,12,1010.4,1012.6,31.0,26.5,77,5.7,160,8.7,170,0.0,0.0,1.0,3.69,--,13,--,--,--,--,--,--,--,--
466990,2024,06,27,13,1010.2,1012.4,31.3,27.0,78,5.2,160,9.2,180,0.0,0.0,1.0,3.73,--,13,--,--,--,--,--,--,--,--
466990,2024,06,27,14,1009.7,1011.9,31.4,26.9,77,6.4,170,10.2,180,0.0,0.0,1.0,3.31,20.0,11,6.0,33.5,32.5,32.1,30.4,30.5,32.1,30.7
466990,2024,06,27,15,1009.5,1011.7,30.5,26.7,80,5.8,180,9.6,170,0.0,0.0,0.7,2.07,--,6,--,--,--,--,--,--,--,--
466990,2024,06,27,16,1009.3,1011.5,30.5,26.2,78,4.5,180,10.3,180,0.0,0.0,0.1,1.05,--,3,--,--,--,--,--,--,--,--
466990,2024,06,27,17,1009.3,1011.5,30.5,26.0,77,5.7,180,8.7,180,0.0,0.0,0.7,1.36,20.0,2,7.0,--,--,--,--,--,--,--
466990,2024,06,27,18,1009.9,1012.1,30.4,25.7,76,3.0,220,9.4,190,0.0,0.0,0.0,0.27,--,0,--,--,--,--,--,--,--,--
466990,2024,06,27,19,1010.1,1012.3,29.8,26.0,80,3.6,190,6.5,190,0.0,0.0,0.0,0.03,--,0,--,--,--,--,--,--,--,--
466990,2024,06,27,20,1010.6,1012.8,29.8,25.1,76,3.3,230,6.4,250,0.0,0.0,--,0.00,--,0,--,--,--,--,--,--,--,--
466990,2024,06,27,21,1010.5,1012.7,29.2,25.0,78,1.9,230,5.1,210,0.0,0.0,--,0.00,--,0,--,30.9,31.1,31.7,31.7,31.9,32.8,30.7
466990,2024,06,27,22,1010.8,1013.0,28.8,24.8,79,2.2,230,3.4,220,0.0,0.0,--,0.00,--,0,--,--,--,--,--,--,--,--
466990,2024,06,27,23,1010.6,1012.8,28.6,24.6,79,2.2,220,3.6,230,0.0,0.0,--,0.00,--,0,--,--,--,--,--,--,--,--
466990,2024,06,27,24,1010.2,1012.4,28.1,24.1,79,3.4,240,5.4,230,0.0,0.0,--,0.00,--,0,--,--,--,--,--,--,--,--
466990,2024,06,28,01,1009.6,1011.8,27.6,24.5,83,2.8,230,4.8,230,0.0,0.0,--,0.00,--,0,--,--,--,--,--,--,--,--
466990,2024,06,28,02,1009.3,1011.5,27.4,24.1,82,3.1,240,5.4,230,0.0,0.0,--,0.00,--,0,--,--,--,--,--,--,--,--
466990,2024,06,28,03,1009.1,1011.3,27.2,23.5,80,3.6,230,5.8,240,0.0,0.0,--,0.00,--,0,--,--,--,--,--,--,--,--
466990,2024,06,28,04,1009.3,1011.5,26.6,23.9,85,4.2,230,6.5,230,0.0,0.0,--,0.00,--,0,--,--,--,--,--,--,--,--
466990,2024,06,28,05,1009.5,1011.7,26.9,23.4,81,3.7,230,6.1,230,0.0,0.0,--,0.00,--,0,--,28.4,28.8,29.4,30.2,31.2,32.6,30.7
466990,2024,06,28,06,1009.6,1011.8,27.2,23.0,78,3.1,240,6.3,220,0.0,0.0,0.2,0.14,--,0,--,--,--,--,--,--,--,--
466990,2024,06,28,07,1009.8,1012.0,28.1,23.7,77,3.1,240,6.9,240,0.0,0.0,0.8,0.63,--,1,--,--,--,--,--,--,--,--
466990,2024,06,28,08,1009.9,1012.1,29.9,24.3,72,2.4,220,4.5,240,0.0,0.0,1.0,1.55,25.0,2,8.0,--,--,--,--,--,--,--
466990,2024,06,28,09,1010.0,1012.2,30.2,24.4,71,3.1,180,5.7,220,0.0,0.0,1.0,1.98,25.0,4,5.0,29.4,29.0,29.3,29.6,30.7,32.4,30.8
466990,2024,06,28,10,1009.8,1012.0,30.7,25.1,72,3.2,170,4.8,170,0.0,0.0,1.0,2.22,--,7,--,--,--,--,--,--,--,--
466990,2024,06,28,11,1009.2,1011.4,31.1,26.8,78,4.4,180,8.2,160,0.0,0.0,1.0,2.91,25.0,10,7.0,--,--,--,--,--,--,--
466990,2024,06,28,12,1008.5,1010.7,31.5,27.2,78,6.6,180,10.7,180,0.0,0.0,1.0,3.66,--,13,--,--,--,--,--,--,--,--
466990,2024,06,28,13,1007.9,1010.1,31.6,27.5,79,8.1,170,11.5,180,0.0,0.0,1.0,3.72,--,13,--,--,--,--,--,--,--,--
466990,2024,06,28,14,1007.2,1009.4,31.4,27.5,80,8.5,170,13.1,170,0.0,0.0,1.0,3.46,20.0,11,6.0,33.4,32.5,32.2,30.7,30.8,32.3,30.8
466990,2024,06,28,15,1006.6,1008.8,30.6,27.0,81,6.9,180,12.6,170,0.0,0.0,0.8,2.49,--,7,--,--,--,--,--,--,--,--
466990,2024,06,28,16,1006.8,1009.0,29.8,26.6,83,6.5,180,10.6,190,0.0,0.0,0.1,0.48,--,2,--,--,--,--,--,--,--,--
466990,2024,06,28,17,1007.3,1009.5,29.4,25.2,78,1.5,240,10.9,190,0.0,0.0,0.0,0.10,15.0,0,10.0,--,--,--,--,--,--,--
466990,2024,06,28,18,1007.7,1009.9,28.5,26.1,87,1.7,220,4.9,220,T,0.4,0.0,0.03,--,0,--,--,--,--,--,--,--,--
466990,2024,06,28,19,1008.7,1010.9,27.9,25.7,88,2.0,220,3.9,210,T,0.2,0.0,0.01,--,0,--,--,--,--,--,--,--,--
466990,2024,06,28,20,1009.6,1011.8,27.6,25.4,88,3.4,40,6.7,20,T,0.3,--,0.00,--,0,--,--,--,--,--,--,--,--
466990,2024,06,28,21,1009.6,1011.8,26.3,24.9,92,3.2,360,8.7,20,3.5,0.3,--,0.00,--,0,--,29.8,30.3,31.2,31.7,32.0,32.9,30.8
466990,2024,06,28,22,1009.7,1011.9,26.4,25.2,93,3.0,230,5.2,220,T,0.1,--,0.00,--,0,--,--,--,--,--,--,--,--
466990,2024,06,28,23,1009.3,1011.5,26.4,25.4,94,4.8,240,7.5,220,T,0.1,--,0.00,--,0,--,--,--,--,--,--,--,--
466990,2024,06,28,24,1008.4,1010.6,26.0,25.0,94,3.9,220,6.8,230,0.0,0.0,--,0.00,--,0,--,--,--,--,--,--,--,--
466990,2024,06,29,01,1007.8,1010.0,25.9,24.5,92,4.7,240,6.8,240,0.0,0.0,--,0.00,--,0,--,--,--,--,--,--,--,--
466990,2024,06,29,02,1007.5,1009.7,26.1,24.3,90,2.9,240,7.4,230,0.0,0.0,--,0.00,--,0,--,--,--,--,--,--,--,--
466990,2024,06,29,03,1007.3,1009.5,25.9,24.5,92,2.6,250,4.5,230,0.0,0.0,--,0.00,--,0,--,--,--,--,--,--,--,--
466990,2024,06,29,04,1007.5,1009.7,25.6,24.4,93,2.7,240,4.9,240,0.0,0.0,--,0.00,--,0,--,--,--,--,--,--,--,--
466990,2024,06,29,05,1007.5,1009.7,25.6,24.4,93,3.1,250,5.7,240,0.0,0.0,--,0.00,--,0,--,27.8,28.1,28.9,29.9,31.0,32.6,30.8
466990,2024,06,29,06,1008.0,1010.2,25.8,24.2,91,2.5,250,6.2,250,0.0,0.0,0.4,0.13,--,0,--,--,--,--,--,--,--,--
466990,2024,06,29,07,1008.1,1010.3,26.5,24.5,89,3.4,230,5.1,230,0.0,0.0,0.6,0.43,--,1,--,--,--,--,--,--,--,--
466990,2024,06,29,08,1008.0,1010.2,29.3,25.1,78,3.3,230,6.1,220,0.0,0.0,1.0,1.51,25.0,2,3.0,--,--,--,--,--,--,--
466990,2024,06,29,09,1007.8,1010.0,30.4,24.8,72,3.6,190,5.3,220,0.0,0.0,1.0,2.35,25.0,5,3.0,28.5,28.3,28.7,29.2,30.5,32.2,30.9
466990,2024,06,29,10,1007.5,1009.7,30.4,25.7,76,4.2,170,6.4,170,0.0,0.0,1.0,2.97,--,9,--,--,--,--,--,--,--,--
466990,2024,06,29,11,1006.9,1009.1,30.9,26.6,78,9.4,180,13.2,180,0.0,0.0,1.0,3.49,25.0,12,2.0,--,--,--,--,--,--,--
466990,2024,06,29,12,1006.4,1008.6,31.3,27.7,81,8.4,170,12.6,200,0.0,0.0,1.0,3.73,--,14,--,--,--,--,--,--,--,--
466990,2024,06,29,13,1005.9,1008.1,31.4,27.5,80,7.5,180,13.6,170,0.0,0.0,1.0,3.75,--,13,--,--,--,--,--,--,--,--
466990,2024,06,29,14,1005.6,1007.8,30.5,27.1,82,7.7,170,13.4,180,0.0,0.0,0.5,2.50,20.0,9,6.0,31.6,31.2,31.3,30.2,30.5,32.1,30.9
466990,2024,06,29,15,1005.5,1007.7,29.9,26.3,81,5.8,210,12.5,180,0.0,0.0,0.0,0.76,--,3,--,--,--,--,--,--,--,--
466990,2024,06,29,16,1005.2,1007.4,30.1,25.9,78,3.1,220,6.9,210,0.0,0.0,0.0,0.19,--,1,--,--,--,--,--,--,--,--
466990,2024,06,29,17,1005.3,1007.5,29.3,27.1,88,4.4,210,8.7,170,T,0.3,0.0,0.03,8.0,0,10.0,--,--,--,--,--,--,--
466990,2024,06,29,18,1005.9,1008.1,28.5,27.1,92,2.2,240,6.6,200,0.5,0.6,0.0,0.03,--,0,--,--,--,--,--,--,--,--
466990,2024,06,29,19,1006.4,1008.6,28.8,26.8,89,2.6,210,6.1,210,T,0.1,0.0,0.00,--,0,--,--,--,--,--,--,--,--
466990,2024,06,29,20,1007.3,1009.5,29.5,26.7,85,1.1,240,7.0,180,0.0,0.0,--,0.00,--,0,--,--,--,--,--,--,--,--
466990,2024,06,29,21,1007.1,1009.3,29.0,27.0,89,1.0,20,4.0,330,0.0,0.0,--,0.00,--,0,--,29.7,29.8,30.4,30.8,31.4,32.5,30.8
466990,2024,06,29,22,1007.0,1009.2,28.6,26.6,89,2.1,20,3.8,20,0.0,0.0,--,0.00,--,0,--,--,--,--,--,--,--,--
466990,2024,06,29,23,1006.9,1009.1,28.4,26.2,88,0.8,300,3.5,70,0.0,0.0,--,0.00,--,0,--,--,--,--,--,--,--,--
466990,2024,06,29,24,1006.0,1008.2,27.5,25.7,90,0.9,260,2.7,230,0.0,0.0,--,0.00,--,0,--,--,--,--,--,--,--,--
466990,2024,06,30,01,1005.3,1007.5,27.3,25.5,90,1.5,260,2.6,220,0.0,0.0,--,0.00,--,0,--,--,--,--,--,--,--,--
466990,2024,06,30,02,1005.1,1007.3,27.1,25.5,91,1.1,260,2.8,250,0.0,0.0,--,0.00,--,0,--,--,--,--,--,--,--,--
466990,2024,06,30,03,1004.8,1007.0,26.9,25.3,91,1.0,270,2.0,240,0.0,0.0,--,0.00,--,0,--,--,--,--,--,--,--,--
466990,2024,06,30,04,1004.8,1007.0,27.0,24.8,88,0.6,260,2.8,260,0.0,0.0,--,0.00,--,0,--,--,--,--,--,--,--,--
466990,2024,06,30,05,1005.1,1007.3,27.0,25.0,89,0.5,10,1.2,360,0.0,0.0,--,0.00,--,0,--,28.0,28.3,28.9,29.7,30.7,32.2,30.8
466990,2024,06,30,06,1005.3,1007.5,27.8,25.6,88,0.5,20,1.9,330,0.0,0.0,0.0,0.12,--,0,--,--,--,--,--,--,--,--
466990,2024,06,30,07,1005.7,1007.9,28.7,25.3,82,2.1,10,4.0,10,0.0,0.0,0.9,0.80,--,1,--,--,--,--,--,--,--,--
466990,2024,06,30,08,1006.3,1008.5,30.0,25.1,75,2.4,40,4.5,60,0.0,0.0,1.0,1.58,25.0,2,2.0,--,--,--,--,--,--,--
466990,2024,06,30,09,1006.2,1008.4,30.5,25.4,74,1.7,90,5.0,350,0.0,0.0,1.0,2.34,25.0,5,2.0,29.0,28.7,29.0,29.3,30.4,32.0,30.9
466990,2024,06,30,10,1006.1,1008.3,31.4,26.0,73,2.1,160,3.8,160,0.0,0.0,1.0,2.87,--,8,--,--,--,--,--,--,--,--
466990,2024,06,30,11,1005.8,1008.0,31.5,26.3,74,3.7,100,6.4,90,0.0,0.0,1.0,3.33,25.0,11,3.0,--,--,--,--,--,--,--
466990,2024,06,30,12,1005.4,1007.6,32.0,26.1,71,2.6,120,5.8,90,0.0,0.0,1.0,3.50,--,13,--,--,--,--,--,--,--,--
466990,2024,06,30,13,1004.8,1007.0,31.9,25.8,70,2.8,100,4.6,110,0.0,0.0,1.0,3.47,--,12,--,--,--,--,--,--,--,--
466990,2024,06,30,14,1004.4,1006.5,32.4,26.5,71,3.5,50,6.5,40,0.0,0.0,0.9,2.94,25.0,10,4.0,32.4,31.6,31.7,30.5,30.6,32.0,30.9
466990,2024,06,30,15,1003.9,1006.0,32.3,26.9,73,4.2,60,8.1,60,0.0,0.0,1.0,2.79,--,8,--,--,--,--,--,--,--,--
466990,2024,06,30,16,1003.7,1005.9,31.8,26.6,74,6.5,20,9.9,10,0.0,0.0,1.0,2.09,--,5,--,--,--,--,--,--,--,--
466990,2024,06,30,17,1003.9,1006.1,31.4,26.2,74,5.0,50,8.7,50,0.0,0.0,1.0,1.37,25.0,2,3.0,--,--,--,--,--,--,--
466990,2024,06,30,18,1004.3,1006.5,30.6,26.8,80,4.7,30,7.5,10,0.0,0.0,0.9,0.51,--,0,--,--,--,--,--,--,--,--
466990,2024,06,30,19,1005.1,1007.3,30.2,26.8,82,3.5,30,7.5,20,0.0,0.0,0.0,0.04,--,0,--,--,--,--,--,--,--,--
466990,2024,06,30,20,1005.4,1007.6,29.9,27.1,85,2.0,10,7.1,20,0.0,0.0,--,0.00,--,0,--,--,--,--,--,--,--,--
466990,2024,06,30,21,1005.9,1008.1,29.7,27.1,86,2.7,360,4.6,10,0.0,0.0,--,0.00,--,0,--,31.1,31.8,32.5,32.7,32.4,32.7,30.8
466990,2024,06,30,22,1005.9,1008.1,29.7,26.9,85,2.6,10,5.0,10,0.0,0.0,--,0.00,--,0,--,--,--,--,--,--,--,--
466990,2024,06,30,23,1005.9,1008.1,29.5,26.5,84,2.7,360,5.0,100,0.0,0.0,--,0.00,--,0,--,--,--,--,--,--,--,--
466990,2024,06,30,24,1005.4,1007.6,29.4,26.8,86,3.6,10,6.3,360,0.0,0.0,--,0.00,--,0,--,--,--,--,--,--,--,--
